,Date,Location,Difficulty,Total Distance,Total Time,Min. Elevation,Max. Elevation,Elevation Gain,Route,Start & Finish Point,Duration,Point Peter Elevation,Start Time,Summit,Finish,Summit Elevation,Total Elevation Gain,Start & Finish,Starting Point,Elevation Loss,Wamba Route.,Peak,Peak Elevation,Start,Attractions,Attraction,Talio Summit Elevation,Summit Trail,Sagalla Summit Elevation,Max Elevation,Miotoni Block.,Met Station Elevation,Point Thompson Elevation,Gatare Route.,Chogoria Gate Elevation,Maratini Summit,Maratini Elevation,Starting & Finish Point,Mugi Summit,Table Summit,Table Summit Elevation,Mugi Hill Summit Elevation,Summit Elevation,Summit  Elevation,Time,Summit. Elevation,KICC Staircase Challenge.,Distance,Starting Elevation,The Highest Peak in SA,Geological Trail,Starting Point Elevation,Kosikosi Peak Elevation,Challenge,Wandare trailhead elevation,Twin Rocks Elevation,Mount Satima Summit Elevation,Crater Camp hike,Team,Calories Burned,Lenana Peak Elevation,Plan,Day Dash,Description,Total Elevation Loss,Total Calories Burned,Peaks done,Objective,Mount,Table Mountain Summit,Outcome,Kibo Hut,Gilmans Point,Uhuru Peak,Mweka Gate,Marangu Gate Elevation,Uhuru Peak Elevation,First Round,Break,Second Round,1st Summit,2nd Summit,First Loop,Second Loop,Third Loop,Mweka Gate Elevation,Moving Time,Start time,Features,Total distance,Total time,Moving time,Calories burned,Old Moses Camp Elevation,Distance covered,Total calories burned,Steps,Calories,Total steps,Total distance covered,Distance from start to summit,Elevation gain,Distance from Base to Summit,Shoulder,Total Days,Total Distance covered,Total Steps,Total Calories burned,Up,Down,Finish ,Summit elevation,Park Fees,Park fees
0,September 2025.,"Ndoinet Forest– Bomet County, Kenya.",Easy-Moderate.,13 km.,3 hr 36 min.,"2,368m.","2,486 m.",517 m.,,,,,,,,,,,,,,,,,,,,,,,,,,,,,,,,,,,,,,,,,,,,,,,,,,,,,,,,,,,,,,,,,,,,,,,,,,,,,,,,,,,,,,,,,,,,,,,,,,,,,,,,,,
1,August 2025.,"Ragati Conservancy– Mount Kenya National Park, Kenya.",Easy-Moderate.,17 km.,6 hrs.,"2,142 m.","2,369 m.",429 m.,,,,,,,,,,,,,,,,,,,,,,,,,,,,,,,,,,,,,,,,,,,,,,,,,,,,,,,,,,,,,,,,,,,,,,,,,,,,,,,,,,,,,,,,,,,,,,,,,,,,,,,,,,
2,August 2025.,"Point Peter– Mount Kenya National Park, Kenya.",,32 km.,,"3,300 m.",,"1,850 m.",Sirimon.,Old Moses Camp.,3 Days.,"4,757 m.",,,,,,,,,,,,,,,,,,,,,,,,,,,,,,,,,,,,,,,,,,,,,,,,,,,,,,,,,,,,,,,,,,,,,,,,,,,,,,,,,,,,,,,,,,,,,,,,,,,,,,
3,August 2025.,"Mount Kipipiri– Geta, Kenya.",Easy-Moderate.,8 km.,3 hr 53 min.,"2,908 m.",,502 m.,Direct Summit Trail.,,,,9:54 am.,11:47 am.,1:47 pm.,"3,370 m.",,,,,,,,,,,,,,,,,,,,,,,,,,,,,,,,,,,,,,,,,,,,,,,,,,,,,,,,,,,,,,,,,,,,,,,,,,,,,,,,,,,,,,,,,,,,,,,,,,
4,July 2025.,"Al Bidda Park– Doha, Qatar.",Easy.,4 km.,1 hr 10 min.,-4 m.,34 m.,62 m.,,,,,,,,,,,,,,,,,,,,,,,,,,,,,,,,,,,,,,,,,,,,,,,,,,,,,,,,,,,,,,,,,,,,,,,,,,,,,,,,,,,,,,,,,,,,,,,,,,,,,,,,,,
5,July 2025.,"Menara Gardens– Marrakech, Morocco.",Easy,1.8 km.,1 hr.,465 m.,472 m.,,,,,,,,,,,,,,,,,,,,,,,,,,,,,,,,,,,,,,,,,,,,,,,,,,,,,,,,,,,,,,,,,,,,,,,,,,,,,,,,,,,,,,,,,,,,,,,,,,,,,,,,,,,
6,July 2025.,"Ouzoud Falls– Ouzoud, Morocco.",Easy.,5 km.,3 hrs.,688 m.,793 m.,158 m.,,,,,,,,,,,,,,,,,,,,,,,,,,,,,,,,,,,,,,,,,,,,,,,,,,,,,,,,,,,,,,,,,,,,,,,,,,,,,,,,,,,,,,,,,,,,,,,,,,,,,,,,,,
7,July 2025.,"Mount Toubkal– Atlas Mountains, Morocco.",Strenuous.,32 km.,,"1,738 m.",,,,Imlil Village.,2 Days.,,,,,"4,167 m.","2,500 m.",,,,,,,,,,,,,,,,,,,,,,,,,,,,,,,,,,,,,,,,,,,,,,,,,,,,,,,,,,,,,,,,,,,,,,,,,,,,,,,,,,,,,,,,,,,,,,,,,
8,July 2025.,"Anima Garden– Ourika, Morocco.",Easy.,1.5 km.,1 hr 24 min.,795 m.,805 m.,25 m.,,,,,,,,,,,,,,,,,,,,,,,,,,,,,,,,,,,,,,,,,,,,,,,,,,,,,,,,,,,,,,,,,,,,,,,,,,,,,,,,,,,,,,,,,,,,,,,,,,,,,,,,,,
9,July 2025.,"Mount Kwaraa– Babati, Tanzania.",Tough. Very dense forest terrain. Didn’t summit.,10 km.,6 hr 12 min.,"1,361 m.","1,898 m.",500 m.,,,,,,,,,,,,,,,,,,,,,,,,,,,,,,,,,,,,,,,,,,,,,,,,,,,,,,,,,,,,,,,,,,,,,,,,,,,,,,,,,,,,,,,,,,,,,,,,,,,,,,,,,,
10,June 2025.,"Rietfontein Nature Reserve– Johannesburg, South Africa.",Easy.,2 km.,1 hr.,"1,479 m.","1,517 m.",59 m.,,,,,,,,,,,,,,,,,,,,,,,,,,,,,,,,,,,,,,,,,,,,,,,,,,,,,,,,,,,,,,,,,,,,,,,,,,,,,,,,,,,,,,,,,,,,,,,,,,,,,,,,,,
11,June 2025.,"Thabana Ntlenyana– Maloti Mountains, Lesotho.",Hard.,22 km.,10 hr 10 min.,"2,781 m.",,"1,367 m.",,,,,8:53 am.,2:21 pm.,7:03 pm.,"3,482 m.",,,,,,,,,,,,,,,,,,,,,,,,,,,,,,,,,,,,,,,,,,,,,,,,,,,,,,,,,,,,,,,,,,,,,,,,,,,,,,,,,,,,,,,,,,,,,,,,,,
12,June 2025.,"Pretoria National Botanical Garden– Pretoria, South Africa.",Easy.,3 km.,1 hr 36 min.,"1,353 m.","1,389 m.",54 m.,,,,,,,,,,,,,,,,,,,,,,,,,,,,,,,,,,,,,,,,,,,,,,,,,,,,,,,,,,,,,,,,,,,,,,,,,,,,,,,,,,,,,,,,,,,,,,,,,,,,,,,,,,
13,June 2025.,"Katumba Hill– Tana River County, Kenya.",Easy.,2.5 km.,1 hr.,506 m.,,143 m.,,,,,,,,: 649 m.,,,,,,,,,,,,,,,,,,,,,,,,,,,,,,,,,,,,,,,,,,,,,,,,,,,,,,,,,,,,,,,,,,,,,,,,,,,,,,,,,,,,,,,,,,,,,,,,,,
14,June 2025.,"Mumoni Hill– Kitui County, Kenya.",Moderate.,12 km.,4 hr 14 min.,"1,050 m.",,743 m.,,Musosya.,,,8:16 am.,10:44 am.,12:30 pm.,"1,754 m.",,,,,,,,,,,,,,,,,,,,,,,,,,,,,,,,,,,,,,,,,,,,,,,,,,,,,,,,,,,,,,,,,,,,,,,,,,,,,,,,,,,,,,,,,,,,,,,,,,
15,May 2025.,"Mutarakwa Forest – Aberdare Range, Kenya.",Moderate.,16 km.,5 hrs.,"2,647 m.","3,460 m.",850 m.,,North Kinangop Forest Station.,,,,,,,,,,,,,,,,,,,,,,,,,,,,,,,,,,,,,,,,,,,,,,,,,,,,,,,,,,,,,,,,,,,,,,,,,,,,,,,,,,,,,,,,,,,,,,,,,,,,,,,,
16,May 2025.,"Ngong Road Forest (Sanctuary)– Nairobi, Kenya.",Easy.,5.8 km.,1 hr 37 min.,"1,789 m.","1,825 m.",70 m.,,,,,,,,,,,,,,,,,,,,,,,,,,,,,,,,,,,,,,,,,,,,,,,,,,,,,,,,,,,,,,,,,,,,,,,,,,,,,,,,,,,,,,,,,,,,,,,,,,,,,,,,,,
17,May 2025.,"Loldia Eburru– Nakuru County, Kenya.",Easy.,3.4 km.,2 hrs.,"2,355 m.","2,455 m.",125 m.,,,,,,,,,,,,,,,,,,,,,,,,,,,,,,,,,,,,,,,,,,,,,,,,,,,,,,,,,,,,,,,,,,,,,,,,,,,,,,,,,,,,,,,,,,,,,,,,,,,,,,,,,,
18,May 2025.,"Karura Forest (Sigiria) – Nairobi, Kenya.",Easy.,8.7 km.,2 hr 49 min.,"1,659 m.","1,745 m.",220 m.,,,,,,,,,,Sigiria Gate.,,,,,,,,,,,,,,,,,,,,,,,,,,,,,,,,,,,,,,,,,,,,,,,,,,,,,,,,,,,,,,,,,,,,,,,,,,,,,,,,,,,,,,,,,,,,,,,,
19,Mar 2025.,"Ngong Hills– Ngong, Kenya.",Moderate.,21 km.,6 hr 40 min.,"2,088 m.","2,462 m.","1,200 m.",Ngong Gate to Kona Baridi Gate and back.,,,,,,,,,,,,,,,,,,,,,,,,,,,,,,,,,,,,,,,,,,,,,,,,,,,,,,,,,,,,,,,,,,,,,,,,,,,,,,,,,,,,,,,,,,,,,,,,,,,,,,,,,
20,Feb 2025.,"Kipkunur Hill– Elgeyo-Marakwet County, Kenya.",Moderate.,20 km.,7 hrs.,"2,241 m.",,"1,205 m.",,Kapsowar.,,,8:20 am.,11:55 am.,3:20 pm.,"3,063 m.",,,,,,,,,,,,,,,,,,,,,,,,,,,,,,,,,,,,,,,,,,,,,,,,,,,,,,,,,,,,,,,,,,,,,,,,,,,,,,,,,,,,,,,,,,,,,,,,,,
21,Feb 2025.,"Koisung’ur Hill– Elgeyo-Marakwet County, Kenya.",Easy.,3.6 km.,1 hr 20 min.,"3,050 m.",,189 m.,,,,,,,,"3,167 m.",,,,,,,,,,,,,,,,,,,,,,,,,,,,,,,,,,,,,,,,,,,,,,,,,,,,,,,,,,,,,,,,,,,,,,,,,,,,,,,,,,,,,,,,,,,,,,,,,,
22,Feb 2025.,"Kipteber Hill– Elgeyo-Marakwet County, Kenya.",Easy.,4.5 km.,2 hrs.,"2,502 m.",,314 m.,,,,,,,,"2,774 m.",,,,,,,,,,,,,,,,,,,,,,,,,,,,,,,,,,,,,,,,,,,,,,,,,,,,,,,,,,,,,,,,,,,,,,,,,,,,,,,,,,,,,,,,,,,,,,,,,,
23,Feb 2025.,"Sudek Peak– Mount Elgon, Kenya.",Hard.,16 km.,8 hrs.,"3,471 m.",,"1,100 m.",,Road End.,,,9:00 am.,1:25 pm.,5:00 pm.,"4,302 m.",,,,,,,,,,,,,,,,,,,,,,,,,,,,,,,,,,,,,,,,,,,,,,,,,,,,,,,,,,,,,,,,,,,,,,,,,,,,,,,,,,,,,,,,,,,,,,,,,,
24,Feb 2025.,"Saiwa Swamp– Trans-Nzoia County, Kenya.",Easy.,5.2 km.,1 hr 54 min.,"1,858 m.","1,872 m.",76 m.,,,,,,,,,,,,,,,,,,,,,,,,,,,,,,,,,,,,,,,,,,,,,,,,,,,,,,,,,,,,,,,,,,,,,,,,,,,,,,,,,,,,,,,,,,,,,,,,,,,,,,,,,,
25,Feb 2025.,"Lamu Beach – Lamu County, Kenya.",Easy.,14 km.,3 hr 40 min.,-5 m.,36 m.,77 m.,KipunganitoShela.,,,,,,,,,,,,,,,,,,,,,,,,,,,,,,,,,,,,,,,,,,,,,,,,,,,,,,,,,,,,,,,,,,,,,,,,,,,,,,,,,,,,,,,,,,,,,,,,,,,,,,,,,
26,Feb 2025.,"Takwa Ruins– Lamu County, Kenya.",Easy.,2.3 km.,1 hr 10 min.,1 m.,25 m.,44 m.,,,,,,,,,,,,,,,,,,,,,,,,,,,,,,,,,,,,,,,,,,,,,,,,,,,,,,,,,,,,,,,,,,,,,,,,,,,,,,,,,,,,,,,,,,,,,,,,,,,,,,,,,,
27,Jan 2025.,"Kormoson Hill– Baringo County, Kenya.",Easy.,1.2 km.,1 hr.,"1,000 m.","1,034 m.",34 m.,,,,,,,,,,,,,,,,,,,,,,,,,,,,,,,,,,,,,,,,,,,,,,,,,,,,,,,,,,,,,,,,,,,,,,,,,,,,,,,,,,,,,,,,,,,,,,,,,,,,,,,,,,
28,Jan 2025.,"Mochongoi-Waseges Trail – Baringo County, Kenya.",Easy-Moderate.,7 km.,3 hr 30 min.,"1,431 m.","2,266 m.",43 m.,,,,,,,Waseges.,,,,Mochongoi.,862 m.,,,,,,,,,,,,,,,,,,,,,,,,,,,,,,,,,,,,,,,,,,,,,,,,,,,,,,,,,,,,,,,,,,,,,,,,,,,,,,,,,,,,,,,,,,,,,,
29,Jan 2025.,"Mount Kinangop – Aberdare Range, Kenya.",Strenuous.,29 km.,16 hrs.,"2,539 m.",,"1,464 m.",Mutubio – Njabini.,,,,7:01 am.,4:28 pm.,11:01 pm.,"3,906 m.",,,Mutubio Gate.,,,,,,,,,,,,,,,,,,,,,,,,,,,,,,,,,,,,,,,,,,,,,,,,,,,,,,,,,,,,,,,,,,,,,,,,,,,,,,,,,,,,,,,,,,,,,,,
30,Jan 2025.,"Table Mountain – Aberdare Range, Kenya.",Hard.,11 km.,,"2,780 m.",,"1,100 m.",,,2 days/1 night camping at the summit.,,,,,"3,791 m.",,Kwa Matu.,,,,,,,,,,,,,,,,,,,,,,,,,,,,,,,,,,,,,,,,,,,,,,,,,,,,,,,,,,,,,,,,,,,,,,,,,,,,,,,,,,,,,,,,,,,,,,,,
31,Dec 2024.,"Ngong Hills– Ngong, Kenya.",Moderate.,18 km.,7 hrs.,"2,030 m.","2,462 m.",980 m.,Trailhead to Kona Baridi and back.,,,,,,,,,,,,,,,,,,,,,,,,,,,,,,,,,,,,,,,,,,,,,,,,,,,,,,,,,,,,,,,,,,,,,,,,,,,,,,,,,,,,,,,,,,,,,,,,,,,,,,,,,
32,Dec 2024.,"Mount Manengouba– Mbouroukou, Cameroon.",Hard.,22 km.,10 hrs.,"1,206 m.","2,167 m.","1,367 m.",Twin Lakes Trail.,,,,,,,,,,,,,,,,,,,,,,,,,,,,,,,,,,,,,,,,,,,,,,,,,,,,,,,,,,,,,,,,,,,,,,,,,,,,,,,,,,,,,,,,,,,,,,,,,,,,,,,,,
33,Dec 2024.,"Ekom Nkam Falls– Nkongsamba, Cameroon.",Easy.,2 km.,1 hr 32 min.,498 m.,556 m.,98 m.,,,,,,,,,,,,,,,,,,,,,,,,,,,,,,,,,,,,,,,,,,,,,,,,,,,,,,,,,,,,,,,,,,,,,,,,,,,,,,,,,,,,,,,,,,,,,,,,,,,,,,,,,,
34,Dec 2024.,"Limbé Botanical Garden– Limbé, Cameroon.",Easy.,1.6 km.,1 hr.,21 m.,36 m.,22 m.,,,,,,,,,,,,,,,,,,,,,,,,,,,,,,,,,,,,,,,,,,,,,,,,,,,,,,,,,,,,,,,,,,,,,,,,,,,,,,,,,,,,,,,,,,,,,,,,,,,,,,,,,,
35,Dec 2024.,"Mount Cameroon– Buea, Cameroon.",Strenuous.,24 km.,,"1,000 m.",,,,,2 Days.,,,,,"4,095 m.","3,100 m.",,,,,,,,,,,,,,,,,,,,,,,,,,,,,,,,,,,,,,,,,,,,,,,,,,,,,,,,,,,,,,,,,,,,,,,,,,,,,,,,,,,,,,,,,,,,,,,,,
36,Dec 2024.,"Parcours Vita– Douala, Cameroon.",Easy.,2.7 km.,37 min.,9 m.,22 m.,25 m.,,,,,,,,,,,,,,,,,,,,,,,,,,,,,,,,,,,,,,,,,,,,,,,,,,,,,,,,,,,,,,,,,,,,,,,,,,,,,,,,,,,,,,,,,,,,,,,,,,,,,,,,,,
37,Dec 2024.,"Elephant Hill – Aberdare Range, Kenya.",Hard.,18 km.,6 hr 50 min.,"2,529 m.",,"1,200 m.",,Njabini Gate.,,,7:48 am.,11:23 am.,2:38 pm.,"3,657 m.",,,,,,,,,,,,,,,,,,,,,,,,,,,,,,,,,,,,,,,,,,,,,,,,,,,,,,,,,,,,,,,,,,,,,,,,,,,,,,,,,,,,,,,,,,,,,,,,,,
38,Nov 2024.,"Observation Hill– Amboseli National Park, Kenya.",Easy.,1 km.,1 hr.,"1,137 m.","1,167 m.",30 m.,,,,,,,,,,,,,,,,,,,,,,,,,,,,,,,,,,,,,,,,,,,,,,,,,,,,,,,,,,,,,,,,,,,,,,,,,,,,,,,,,,,,,,,,,,,,,,,,,,,,,,,,,,
39,Nov 2024.,"Empaash Trail – Kajiado County, Kenya.",Moderate.,10 km.,5 hrs.,"1,628 m.","1,908 m.",539 m.,,Empaash Ooloirienito Conservancy.,,,,,,,,,,,,,,,,,,,,,,,,,,,,,,,,,,,,,,,,,,,,,,,,,,,,,,,,,,,,,,,,,,,,,,,,,,,,,,,,,,,,,,,,,,,,,,,,,,,,,,,,
40,Oct 2024.,"Warges– Samburu County, Kenya.",Hard.,16.6 km.,10 hr 47 min.,"1,348 m.",,"1,370 m.",,"Earth Watch Institute, Wamba.",,,6:33 am.,,5:20 pm.,,,,,,,12:00 pm.,"2,428 m.",,,,,,,,,,,,,,,,,,,,,,,,,,,,,,,,,,,,,,,,,,,,,,,,,,,,,,,,,,,,,,,,,,,,,,,,,,,,,,,,,,,,,,,,,,,
41,Oct 2024.,"Mount Margaret– Mai Mahiu, Kenya.",Easy-Moderate.,2 km.,1 hr.,"1,799 m.",,136 m.,,,,,,,,"1,933 m.",,,,,,,,,,,,,,,,,,,,,,,,,,,,,,,,,,,,,,,,,,,,,,,,,,,,,,,,,,,,,,,,,,,,,,,,,,,,,,,,,,,,,,,,,,,,,,,,,,
42,Oct 2024.,"Ngong Hills – Ngong, Kenya.",Easy-Moderate.,10.7 km.,3 hrs.,"2,079 m.","2,455 m.",606 m.,,,,,,,Kona Baridi Gate.,,,,,,,,,Ngong Gate.,,,,,,,,,,,,,,,,,,,,,,,,,,,,,,,,,,,,,,,,,,,,,,,,,,,,,,,,,,,,,,,,,,,,,,,,,,,,,,,,,,,,,,,,,,
43,Sept 2024.,"Kipeto Trail– Kajiado County, Kenya.",Moderate.,5 km.,3 hr 29 min.,"1,660 m.","1,875 m.",248 m.,,,,,,,,,,,,,,,,,,,,,,,,,,,,,,,,,,,,,,,,,,,,,,,,,,,,,,,,,,,,,,,,,,,,,,,,,,,,,,,,,,,,,,,,,,,,,,,,,,,,,,,,,,
44,Sept 2024.,"Nzambani Rock– Kitui County, Kenya.",Easy.,1 km.,1 hr.,"1,096 m.","1,207 m.",136 m.,,,,,,,,,,,,,,,,,,,,,,,,,,,,,,,,,,,,,,,,,,,,,,,,,,,,,,,,,,,,,,,,,,,,,,,,,,,,,,,,,,,,,,,,,,,,,,,,,,,,,,,,,,
45,Sept 2024.,"Kamachago Trail – Aberdares, Kenya.",Moderate.,24 km.,9 hr 40 min.,"2,169 m.","2,358 m.",908 m.,,Kimakia Forest Station.,,,,,,,,,,,,,,,Kamachago Falls & Dam.,,,,,,,,,,,,,,,,,,,,,,,,,,,,,,,,,,,,,,,,,,,,,,,,,,,,,,,,,,,,,,,,,,,,,,,,,,,,,,,,,,,,,,,,,
46,Sept 2024.,"Ilovoto Trail – Makueni County, Kenya.",Moderate.,14 km.,4 hr 23 min.,"1,472 m.","1,991 m.",780 m.,,,,,,,Kyale Catholic Church.,,,,Mukaa.,,,,,,,Ilovoto Falls.,,,,,,,,,,,,,,,,,,,,,,,,,,,,,,,,,,,,,,,,,,,,,,,,,,,,,,,,,,,,,,,,,,,,,,,,,,,,,,,,,,,,,,,,
47,Sept 2024.,"Mambrui Beach – Kilifi County, Kenya.",,,,,,,,,,,,,,,,,,,,,,,,,,,,,,,,,,,,,,,,,,,,,,,,,,,,,,,,,,,,,,,,,,,,,,,,,,,,,,,,,,,,,,,,,,,,,,,,,,,,,,,,,,,,,,,,
48,Sept 2024.,"Arabuko-Sokoke Forest – Kilifi County, Kenya.",Easy.,5.8 km.,2 hr 34 min.,16 m.,35 m.,48 m.,,KFS Gede Gate.,,,,,,,,,,,,,,,,,,,,,,,,,,,,,,,,,,,,,,,,,,,,,,,,,,,,,,,,,,,,,,,,,,,,,,,,,,,,,,,,,,,,,,,,,,,,,,,,,,,,,,,,
49,Sept 2024.,"Mnarani Ruins– Kilifi, Kenya.",Easy.,1 km.,1 hr.,11 m.,32 m.,25 m.,,,,,,,,,,,,,,,,,,,,,,,,,,,,,,,,,,,,,,,,,,,,,,,,,,,,,,,,,,,,,,,,,,,,,,,,,,,,,,,,,,,,,,,,,,,,,,,,,,,,,,,,,,
50,Sept 2024.,"Bamburi Forest Trails– Mombasa, Kenya.",Easy.,3.7 km.,1 hr 7 min.,7 m.,24 m.,34 m.,,,,,,,,,,,,,,,,,,,,,,,,,,,,,,,,,,,,,,,,,,,,,,,,,,,,,,,,,,,,,,,,,,,,,,,,,,,,,,,,,,,,,,,,,,,,,,,,,,,,,,,,,,
51,Sept 2024.,"Lake Chala– Taita-Taveta County, Kenya.",Easy.,1 km.,1 hr.,853 m.,917 m.,88 m.,,,,,,,,,,,,,,,,,,,,,,,,,,,,,,,,,,,,,,,,,,,,,,,,,,,,,,,,,,,,,,,,,,,,,,,,,,,,,,,,,,,,,,,,,,,,,,,,,,,,,,,,,,
52,Sept 2024.,"Vuria Hill– Taita-Taveta County, Kenya.",Easy-Moderate.,5.5 km.,2 hr 11 min.,"1,731 m.",,490 m.,,,,,,,,"2,208 m.",,,,,,,,,,,,,,,,,,,,,,,,,,,,,,,,,,,,,,,,,,,,,,,,,,,,,,,,,,,,,,,,,,,,,,,,,,,,,,,,,,,,,,,,,,,,,,,,,,
53,Sept 2024.,"Wesu Rock– Wundanyi, Kenya.",Easy.,2 km.,1 hr.,"1,760 m.","1,869 m.",127 m.,,,,,,,,,,,,,,,,,,,,,,,,,,,,,,,,,,,,,,,,,,,,,,,,,,,,,,,,,,,,,,,,,,,,,,,,,,,,,,,,,,,,,,,,,,,,,,,,,,,,,,,,,,
54,Sept 2024.,"Ngangao Forest – Wundanyi, Kenya.",Easy-Moderate.,3 km.,1 hr 32 min.,"1,806 m.","1,944 m.",179 m.,,Dawida Biodiversity Conservation.,,,,,,,,,,,,,,,,,,,,,,,,,,,,,,,,,,,,,,,,,,,,,,,,,,,,,,,,,,,,,,,,,,,,,,,,,,,,,,,,,,,,,,,,,,,,,,,,,,,,,,,,
55,Sept 2024.,"Kilangarenyi Falls– Wundanyi, Kenya.",Easy.,2.6 km.,1 hr 5 min.,"1,290 m.","1,405 m.",138 m.,,,,,,,,,,,,,,,,,,,,,,,,,,,,,,,,,,,,,,,,,,,,,,,,,,,,,,,,,,,,,,,,,,,,,,,,,,,,,,,,,,,,,,,,,,,,,,,,,,,,,,,,,,
56,Sept 2024.,"Talio Rock – Taita-Taveta County, Kenya.",Moderate.,2 km.,1 hr 40 min.,"1,069 m.",,145 m.,,Talio Primary School.,,,,,,,,,,,,,,,,,"1,213 m.",,,,,,,,,,,,,,,,,,,,,,,,,,,,,,,,,,,,,,,,,,,,,,,,,,,,,,,,,,,,,,,,,,,,,,,,,,,,,,,,,,,,,,,
57,Sept 2024.,"Sagalla Hills – Taita-Taveta County, Kenya.",Easy-Moderate.,4.7 km.,1 hr 45 min.,"1,341 m.",,261 m.,,Sagalla Pre-School.,,,,,,,,,,,,,,,,,,.,"1,523 m.",,,,,,,,,,,,,,,,,,,,,,,,,,,,,,,,,,,,,,,,,,,,,,,,,,,,,,,,,,,,,,,,,,,,,,,,,,,,,,,,,,,,,
58,Sept 2024.,"Voi Hill– Voi, Kenya.",Easy-Moderate.,3 km.,1 hr 44 min.,645 m.,,287 m.,,,,,,,,,,,,,,,,,,,,,,923 m.,,,,,,,,,,,,,,,,,,,,,,,,,,,,,,,,,,,,,,,,,,,,,,,,,,,,,,,,,,,,,,,,,,,,,,,,,,,,,,,,,,,,
59,Sept 2024.,"Chaimu Hill– Tsavo West National Park, Kenya.",Easy.,1 km.,40 min.,900 m.,,78 m.,,,,,,,,,,,,,,,,,,,,,,978 m.,,,,,,,,,,,,,,,,,,,,,,,,,,,,,,,,,,,,,,,,,,,,,,,,,,,,,,,,,,,,,,,,,,,,,,,,,,,,,,,,,,,,
60,Sept 2024.,"Mzima Springs– Tsavo West National Park, Kenya.",Easy.,1 km.,40 min.,687 m.,,18 m.,,,,,,,,,,,,,,,,,,,,,,698 m.,,,,,,,,,,,,,,,,,,,,,,,,,,,,,,,,,,,,,,,,,,,,,,,,,,,,,,,,,,,,,,,,,,,,,,,,,,,,,,,,,,,,
61,Aug 2024.,"Ol Doinyo Eburru – Nakuru County, Kenya.",Easy-Moderate.,11.2 km.,3 hrs.,"2,547 m.",,450 m.,Eastern Summit Trail.,KFS Main Gate.,,,,,,,,,,,,,,,,,,,,"2,830 m.",,,,,,,,,,,,,,,,,,,,,,,,,,,,,,,,,,,,,,,,,,,,,,,,,,,,,,,,,,,,,,,,,,,,,,,,,,,,,,,,,,,,
62,Aug 2024.,"Kimihurura Roundabout Park– Kigali, Rwanda.",Easy.,2 km.,40 min.,"1,475 m.",,22 m.,,,,,,,,,,,,,,,,,,,,,,"1,487 m.",,,,,,,,,,,,,,,,,,,,,,,,,,,,,,,,,,,,,,,,,,,,,,,,,,,,,,,,,,,,,,,,,,,,,,,,,,,,,,,,,,,,
63,Aug 2024.,"Nyungwe Forest, Rwanda.",Easy.,2.5 km.,1 hr 5 min.,"2,293 m.",,171 m.,Igishigishigi Trail.,Uwinka Visitor Centre.,,,,,,,,,,,,,,,,Canopy Walkway.,,,,"2,453 m.",,,,,,,,,,,,,,,,,,,,,,,,,,,,,,,,,,,,,,,,,,,,,,,,,,,,,,,,,,,,,,,,,,,,,,,,,,,,,,,,,,,,
64,Aug 2024.,"Mount Bigugu– Nyungwe Forest, Rwanda.",Moderate.,14 km.,4 hr 13 min.,"2,355 m.",,719 m.,,,,,9:51 am.,11:55 am.,2:04 pm.,"2,950 m.",,,,,,,,,,,,,,,,,,,,,,,,,,,,,,,,,,,,,,,,,,,,,,,,,,,,,,,,,,,,,,,,,,,,,,,,,,,,,,,,,,,,,,,,,,,,,,,,,,
65,Aug 2024.,"Mount Bisoke– Virunga Mountains, Rwanda.",Hard.,9 km.,5 hr 33 min.,"2,606 m.",,"1,014 m.",,,,,9:02 am.,11:50 am.,2:35 pm.,"3,711 m.",,,,,,,,,,,,,,,,,,,,,,,,,,,,,,,,,,,,,,,,,,,,,,,,,,,,,,,,,,,,,,,,,,,,,,,,,,,,,,,,,,,,,,,,,,,,,,,,,,
66,Aug 2024.,"Mount Karisimbi– Virunga Mountains, Rwanda.",Hard/Strenuous.,21 km.,,"2,500 m.",,"2,000 m.",,,2 Days.,,,,,"4,507 m.",,,,,,,,,,,,,,,,,,,,,,,,,,,,,,,,,,,,,,,,,,,,,,,,,,,,,,,,,,,,,,,,,,,,,,,,,,,,,,,,,,,,,,,,,,,,,,,,,,
67,Aug 2024.,"Mpenge Falls– Musanze, Rwanda.",Easy.,1 km.,23 min.,"1,750 m.","1,774 m.",29 m.,,,,,,,,,,,,,,,,,,,,,,,,,,,,,,,,,,,,,,,,,,,,,,,,,,,,,,,,,,,,,,,,,,,,,,,,,,,,,,,,,,,,,,,,,,,,,,,,,,,,,,,,,,
68,Aug 2024.,"Mount Kigali– Kigali, Rwanda.",Easy-Moderate.,13 km.,3 hr 15 min.,"1,372 m.","1,802 m.",554 m.,,,,,,,Nyamirambo.,,,,Nyabugogo.,,,,,,,,,,,,,,,,,,,,,,,,,,,,,,,,,,,,,,,,,,,,,,,,,,,,,,,,,,,,,,,,,,,,,,,,,,,,,,,,,,,,,,,,,,,,,,,
69,July 2024.,"Seven Ponds – Aberdare Range, Kenya.",Hard.,10 km.,4 hr 41 min.,"2,832 m.","3,840 m.","1,034 m.",,Kwa MatuTrailhead.,,,,,,,,,,,,,,,,,,,,,,,,,,,,,,,,,,,,,,,,,,,,,,,,,,,,,,,,,,,,,,,,,,,,,,,,,,,,,,,,,,,,,,,,,,,,,,,,,,,,,,,,
70,July 2024.,"Thuci Falls – Mount Kenya National Park, Kenya.",Easy-Moderate.,24 km.,6 hr 12 min.,"1,989 m.","2,262 m.",490 m.,,Irangi Forest Station.,,,,,,,,,,,,,,,,,,,,,,,,,,,,,,,,,,,,,,,,,,,,,,,,,,,,,,,,,,,,,,,,,,,,,,,,,,,,,,,,,,,,,,,,,,,,,,,,,,,,,,,,
71,July 2024.,"Karura Forest – Nairobi, Kenya.",Easy.,7.3 km.,1 hr 13 min.,"1,660 m.","1,713 m.",87 m.,Cheruiyot Loop.,Gate C.,,,,,,,,,,,,,,,,,,,,,,,,,,,,,,,,,,,,,,,,,,,,,,,,,,,,,,,,,,,,,,,,,,,,,,,,,,,,,,,,,,,,,,,,,,,,,,,,,,,,,,,,
72,July 2024.,"Nyambene Hills – Meru County, Kenya.",Moderate.,22 km.,7 hr 30 min.,"1,978 m.",,893 m.,,Administration Police Leadership & Sports Centre.,,,,,,"2,518 m.",,,,,,,,,,,,,,,,,,,,,,,,,,,,,,,,,,,,,,,,,,,,,,,,,,,,,,,,,,,,,,,,,,,,,,,,,,,,,,,,,,,,,,,,,,,,,,,,,,
73,July 2024.,"Rua Nyoni Falls – Mount Kenya National Park, Kenya.",Easy-Moderate.,10 km.,3 hrs.,"1,982 m.","2,179 m.",326 m.,,Rutune Gate.,,,,,,,,,,,,,,,,,,,,,,,,,,,,,,,,,,,,,,,,,,,,,,,,,,,,,,,,,,,,,,,,,,,,,,,,,,,,,,,,,,,,,,,,,,,,,,,,,,,,,,,,
74,July 2024.,"Kanyamindi Falls – Mount Kenya National Park, Kenya.",Moderate & a little tricky.,26 km.,8 hr 15 min.,"1,799 m.","2,374 m.",683 m.,,Kathandeini Forest Station.,,,,,,,,,,,,,,,,,,,,,,,,,,,,,,,,,,,,,,,,,,,,,,,,,,,,,,,,,,,,,,,,,,,,,,,,,,,,,,,,,,,,,,,,,,,,,,,,,,,,,,,,
75,June 2024.,"Githobokoni Falls – Mataara, Kenya.",Moderate.,4.5 km.,2 hr 26 min.,"1,904 m.","2,061 m.",199 m.,,St Patrick Catholic Church Mataara.,,,,,,,,,,,,,,,,,,,,,,,,,,,,,,,,,,,,,,,,,,,,,,,,,,,,,,,,,,,,,,,,,,,,,,,,,,,,,,,,,,,,,,,,,,,,,,,,,,,,,,,,
76,June 2024.,"Njine Kabia Falls– Kirinyaga County, Kenya.",Easy.,0.5 km.,20 min.,"1,510 m.","1,557 m.",47 m.,,,,,,,,,,,,,,,,,,,,,,,,,,,,,,,,,,,,,,,,,,,,,,,,,,,,,,,,,,,,,,,,,,,,,,,,,,,,,,,,,,,,,,,,,,,,,,,,,,,,,,,,,,
77,June 2024.,"Kang’ere Falls – Mount Kenya National Park, Kenya.",Easy-Moderate.,16.6 km.,5 hr 10 min.,"1,897 m.","2,108 m.",376 m.,,Castle Forest Station.,,,,,,,,,,,,,,,,,,,,,,,,,,,,,,,,,,,,,,,,,,,,,,,,,,,,,,,,,,,,,,,,,,,,,,,,,,,,,,,,,,,,,,,,,,,,,,,,,,,,,,,,
78,June 2024.,"Lukenya Trail – Machakos County, Kenya.",Moderate.,25 km.,6 hr 32 min.,"1,597 m.","1,853 m.",538 m.,,Lukenya Academy.,,,,,,,,,,,,,,,,,,,,,,,,,,,,,,,,,,,,,,,,,,,,,,,,,,,,,,,,,,,,,,,,,,,,,,,,,,,,,,,,,,,,,,,,,,,,,,,,,,,,,,,,
79,May 2024.,"Mount Longonot– Nakuru County, Kenya.",Moderate.,12 km.,5 hr 28 min.,"2,142 m.",,779 m.,,,,,,,,"2,780 m.",,,,,,,,,,,,,,,,,,,,,,,,,,,,,,,,,,,,,,,,,,,,,,,,,,,,,,,,,,,,,,,,,,,,,,,,,,,,,,,,,,,,,,,,,,,,,,,,,,
80,May 2024.,"Ngong Road Forest– Nairobi, Kenya.",Easy.,4.5 km.,1 hr 30 min.,"1,833 m.","1,864 m.",80 m.,,,,,,,,,,,,,,,,,,,,,,,,,,,,,,,,,,,,,,,,,,,,,,,,,,,,,,,,,,,,,,,,,,,,,,,,,,,,,,,,,,,,,,,,,,,,,,,,,,,,,,,,,,
81,May 2024.,"Uhuru Park– Nairobi, Kenya.",Easy.,3.6 km.,1 hr.,"1,669 m.","1,687 m.",46 m.,,,,,,,,,,,,,,,,,,,,,,,,,,,,,,,,,,,,,,,,,,,,,,,,,,,,,,,,,,,,,,,,,,,,,,,,,,,,,,,,,,,,,,,,,,,,,,,,,,,,,,,,,,
82,March 2024.,"Kahunira Trail – Kiambu County, Kenya.",Moderate.,6.5 km.,3 hr 37 min.,"1,892 m.","1,988 m.",234 m.,,Githunguri.,,,,,,,,,,,,,,,Waterfalls & Ruiru Dam.,,,,,,,,,,,,,,,,,,,,,,,,,,,,,,,,,,,,,,,,,,,,,,,,,,,,,,,,,,,,,,,,,,,,,,,,,,,,,,,,,,,,,,,,,
83,March 2024.,"Kenungu Falls – Aberdare Range, Kenya.",Moderate.,9 km.,2 hr 54 min.,"2,646 m.","2,866 m.",416 m.,,Kwa Matu.,,,,,,,,,,,,,,,,,,,,,,,,,,,,,,,,,,,,,,,,,,,,,,,,,,,,,,,,,,,,,,,,,,,,,,,,,,,,,,,,,,,,,,,,,,,,,,,,,,,,,,,,
84,March 2024.,"Gatamaiyu Forest – Aberdares, Kenya.",Easy/Moderate.,3 km.,1 hr 27 min.,"2,228 m.","2,274 m.",104 m.,,Gatamaiyu Fishing Camp.,,,,,,,,,,,,,,,,Thaba Falls.,,,,,,,,,,,,,,,,,,,,,,,,,,,,,,,,,,,,,,,,,,,,,,,,,,,,,,,,,,,,,,,,,,,,,,,,,,,,,,,,,,,,,,,,
85,March 2024.,"Gatango Falls – Aberdares, Kenya.",Moderate.,14 km.,4 hrs.,"2,244 m.","2,595 m.",596 m.,,Mucharage.,,,,,,,,,,,,,,,,,,,,,,,,,,,,,,,,,,,,,,,,,,,,,,,,,,,,,,,,,,,,,,,,,,,,,,,,,,,,,,,,,,,,,,,,,,,,,,,,,,,,,,,,
86,March 2024.,"Ol Doinyo Eburru – Nakuru County, Kenya.",Easy/Moderate.,22 km.,6 hr 52 min.,"2,512 m.",,757 m.,Western Summit Trail.,Eburru KFS Gate.,,,9:04 am.,12:04 pm.,3:56 pm.,"2,829 m.",,,,,,,,,,,,,,,,,,,,,,,,,,,,,,,,,,,,,,,,,,,,,,,,,,,,,,,,,,,,,,,,,,,,,,,,,,,,,,,,,,,,,,,,,,,,,,,,,,
87,March 2024.,"Karura Forest – Nairobi, Kenya.",Easy.,25 km.,5 hr 42 min.,"1,644 m.","1,743 m.",482 m.,,Sigiria Gate.,,,,,,,,,,,,,,,,,,,,,,,,,,,,,,,,,,,,,,,,,,,,,,,,,,,,,,,,,,,,,,,,,,,,,,,,,,,,,,,,,,,,,,,,,,,,,,,,,,,,,,,,
88,Feb 2024.,"Kwenia Trail – Kajiado County, Kenya.",Moderate.,9 km.,3 hr 23 min.,"1,061 m.","1,164 m.",207 m.,,Kwenia Eco Lodge.,,,,,,,,,,,,,,,,,,,,,,,,,,,,,,,,,,,,,,,,,,,,,,,,,,,,,,,,,,,,,,,,,,,,,,,,,,,,,,,,,,,,,,,,,,,,,,,,,,,,,,,,
89,Feb 2024.,Point Thompson– Mount Kenya.,Hard/Strenuous.,28 km.,,,,"1,940 m.",Naro Moru.,Met Station.,2 Days.,,,,,,,,,,,,,,,,,,,,,"3,043 m.","4,955 m.",,,,,,,,,,,,,,,,,,,,,,,,,,,,,,,,,,,,,,,,,,,,,,,,,,,,,,,,,,,,,,,,,,,,,,,,,,,,,,,,,
90,Feb 2024.,"Elephant Hill– Aberdare Range, Kenya.",Hard.,25 km.,7 hr 47 min.,"2,681 m.",,"1,420 m.",,Gatare Old Station.,,,8:10 am.,12:12 pm.,3:57 pm.,"3,657 m.",,,,,,,,,,,,,,,,,,,,,,,,,,,,,,,,,,,,,,,,,,,,,,,,,,,,,,,,,,,,,,,,,,,,,,,,,,,,,,,,,,,,,,,,,,,,,,,,,,
91,Jan 2024.,"Tigoni Falls– Tigoni, Kenya.",Easy.,1.2 km.,30 min.,"2,103 m.","2,162 m.",93 m.,,,,,,,,,,,,,,,,,,,,,,,,,,,,,,,,,,,,,,,,,,,,,,,,,,,,,,,,,,,,,,,,,,,,,,,,,,,,,,,,,,,,,,,,,,,,,,,,,,,,,,,,,,
92,Jan 2024.,"Kereita Forest– Aberdares, Kenya.",Easy/Moderate.,10 km.,3 hrs,"2,359 m.","2,660 m.",416 m.,,,,,,,,,,,,,,,,,,Kereita Cave and Waterfall.,,,,,,,,,,,,,,,,,,,,,,,,,,,,,,,,,,,,,,,,,,,,,,,,,,,,,,,,,,,,,,,,,,,,,,,,,,,,,,,,,,,,,,,,
93,Jan 2024.,"Mount Olesayeti– Kajiado County, Kenya.",Easy/Moderate.,6 km.,5 hr 15 min.,"1,760 m.",,352 m.,,Ilngarooj village.,,,,,,"2,086 m.",,,,,,,,,,,,,,,,,,,,,,,,,,,,,,,,,,,,,,,,,,,,,,,,,,,,,,,,,,,,,,,,,,,,,,,,,,,,,,,,,,,,,,,,,,,,,,,,,,
94,Jan 2024.,"Nyanduma Forest– Aberdares, Kenya.",Moderate.,16 km.,5 hr 28 min.,"2,183 m.","2,332 m.",445 m.,,,,,,,,,,,,,,,,,,,,,,,,,,,,,,,,,,,,,,,,,,,,,,,,,,,,,,,,,,,,,,,,,,,,,,,,,,,,,,,,,,,,,,,,,,,,,,,,,,,,,,,,,,
95,Jan 2024.,":Ololosokuan– Kajiado County, Kenya.",,,,,,,,,,,,,,,,,,,,,,,,,,,,,,,,,,,,,,,,,,,,,,,,,,,,,,,,,,,,,,,,,,,,,,,,,,,,,,,,,,,,,,,,,,,,,,,,,,,,,,,,,,,,,,,,
96,Jan 2024.,"Gatamaiyu Trail – Kiambu County, Kenya.",,,,,,,,,,,,,,,,,,,,,,,,,,,,,,,,,,,,,,,,,,,,,,,,,,,,,,,,,,,,,,,,,,,,,,,,,,,,,,,,,,,,,,,,,,,,,,,,,,,,,,,,,,,,,,,,
97,Jan 2024.,"Sapper Falls– Aberdare National Park, Kenya.",Easy.,6 km.,1 hr 47 min.,"3,001 m.","3,126 m.",148 m.,,,,,,,,,,,,,,,,,,,,,,,,,,,,,,,,,,,,,,,,,,,,,,,,,,,,,,,,,,,,,,,,,,,,,,,,,,,,,,,,,,,,,,,,,,,,,,,,,,,,,,,,,,
98,Jan 2024.,"Rhino Hill – Aberdare Range, Kenya.",Hard.,17 km.,7 hr 50 min.,"2,828 m.",,"1,230 m.",,Kwa Matu.,,,9:38 am.,2:31 pm.,5:28 pm.,"3,890 m.",,,,,,,,,,,,,,,,,,,,,,,,,,,,,,,,,,,,,,,,,,,,,,,,,,,,,,,,,,,,,,,,,,,,,,,,,,,,,,,,,,,,,,,,,,,,,,,,,,
99,Dec 2023.,"Nandi Rock– Nandi County, Kenya.",Moderate.,3.3 km.,1 hr 48 min.,"1,720 m.","1,849 m.",147 m.,,Nandi Rock Primary School.,,,,,,,,,,,,,,,,,,,,,,,,,,,,,,,,,,,,,,,,,,,,,,,,,,,,,,,,,,,,,,,,,,,,,,,,,,,,,,,,,,,,,,,,,,,,,,,,,,,,,,,,
100,Dec 2023.,"Karuru Falls – Aberdare National Park, Kenya.",Easy.,1 km.,30 min.,"2,897 m.","2,928 m.",48 m.,,Karuru Carpark.,,,,,,,,,,,,,,,,,,,,,,,,,,,,,,,,,,,,,,,,,,,,,,,,,,,,,,,,,,,,,,,,,,,,,,,,,,,,,,,,,,,,,,,,,,,,,,,,,,,,,,,,
101,Dec 2023.,"Magura Falls– Aberdare National Park, Kenya.",Easy.,1 km.,20 min.,"2,958 m.","2,989 m.",34 m.,,,,,,,,,,,,,,,,,,,,,,,,,,,,,,,,,,,,,,,,,,,,,,,,,,,,,,,,,,,,,,,,,,,,,,,,,,,,,,,,,,,,,,,,,,,,,,,,,,,,,,,,,,
102,Nov 2023.,"Mount Okisim – Karamoja Mountains, Uganda.",Moderate.,6 km.,4 hrs.,"1,262 m.","1,542 m.",304 m.,,Iriri.,,,,,,,,,,,,,,,,,,,,,,,,,,,,,,,,,,,,,,,,,,,,,,,,,,,,,,,,,,,,,,,,,,,,,,,,,,,,,,,,,,,,,,,,,,,,,,,,,,,,,,,,
103,Nov 2023.,"Mount Napak – Karamoja Mountains, Uganda.",Hard & Risky.,21 km.,10 hr 38 min.,"1,267 m.",,"1,375 m.",,Pilas Primary School.,,,6:24 am.,11:12 am.,5:02 pm.,2547 m.,,,,,,,,,,,,,,,,,,,,,,,,,,,,,,,,,,,,,,,,,,,,,,,,,,,,,,,,,,,,,,,,,,,,,,,,,,,,,,,,,,,,,,,,,,,,,,,,,,
104,Nov 2023.,"Mount Moroto – Karamoja Mountains, Uganda.",Hard.,: 22 km.,: 11 hr 20 min.,"1,724 m.",,"1,605 m.",,:Tapac Primary School.,,,7:35 am.,1:55 pm.,6:55 pm.,"3,083 m. (Sokodek Peak)",,,,,,,,,,,,,,,,,,,,,,,,,,,,,,,,,,,,,,,,,,,,,,,,,,,,,,,,,,,,,,,,,,,,,,,,,,,,,,,,,,,,,,,,,,,,,,,,,,
105,Nov 2023.,Mount Kenya.,Challenging.,35 km.,14 hr 56 min.,,"4,835 m.","2,096 m.",Chogoria.,Chogoria Gate.,One day dash.,,,,,,,,,,,,,,,,,,,,,,,,"2,950 m.",,,,,,,,,,,,,,,,,,,,,,,,,,,,,,,,,,,,,,,,,,,,,,,,,,,,,,,,,,,,,,,,,,,,,,,,,,,,,,,
106,Oct 2023.,"Machakos People’s Park– Machakos County, Kenya.",Easy.,2 km.,1 hr.,"1,599 m.","1,611 m.",25 m.,,,,,,,,,,,,,,,,,,,,,,,,,,,,,,,,,,,,,,,,,,,,,,,,,,,,,,,,,,,,,,,,,,,,,,,,,,,,,,,,,,,,,,,,,,,,,,,,,,,,,,,,,,
107,Oct 2023.,"Kiburu Forest– Aberdare National Park, Kenya.",Easy/Moderate.,10 km.,3 hr 55 min.,"2,584 m.",,332 m.,,,,,,,,,,,,,,,,,,,,,,"2,757 m.",,,,,,,,,,,,,,,,,,,,,,,,,,,,,,,,,,,,,,,,,,,,,,,,,,,,,,,,,,,,,,,,,,,,,,,,,,,,,,,,,,,,
108,Oct 2023.,"Mount Chebuswa– Aberdare Range, Kenya.",Easy.,3.3 km.,1 hr 30 min.,"3,247 m.",,140 m.,,,,,,,,"3,364 m.",,,,,,,,,,,,,,,,,,,,,,,,,,,,,,,,,,,,,,,,,,,,,,,,,,,,,,,,,,,,,,,,,,,,,,,,,,,,,,,,,,,,,,,,,,,,,,,,,,
109,Oct 2023.,"Maratini Hill – Aberdare Range, Kenya.",Hard.,20 km.,8 hr 11 min.,"2,906 m.",,"1,279 m.",,Geta Bush.,,,9:05 am.,,5:16 pm.,,,,,,,,,,,,,,,,,,,,,1:30 pm.,"3,715 m.",,,,,,,,,,,,,,,,,,,,,,,,,,,,,,,,,,,,,,,,,,,,,,,,,,,,,,,,,,,,,,,,,,,,,,,,,,,,,
110,Sep 2023.,"John Michuki Memorial Park– Nairobi, Kenya.",Easy.,5.3 km.,1 hr 46 min.,"1,658 m.","1,675 m.",88 m.,,,,,,,,,,,,,,,,,,,,,,,,,,,,,,,,,,,,,,,,,,,,,,,,,,,,,,,,,,,,,,,,,,,,,,,,,,,,,,,,,,,,,,,,,,,,,,,,,,,,,,,,,,
111,Sep 2023.,"Kathandeini Forest – Mount Kenya National Park, Kenya.",Moderate.,23.7 km.,7 hr 51 min.,"1,798 m.","2,101 m.",500 m.,,,,,,,,,,,,,,,,,,,,,,,,,,,,,,Kathandeini Forest Station.,,,,,,,,,,,,,,,,,,,,,,,,,,,,,,,,,,,,,,,,,,,,,,,,,,,,,,,,,,,,,,,,,,,,,,,,,,,,
112,Sep 2023.,"Mbooni Forest/Hills – Makueni County, Kenya.",,22.5 km.,7 hr 12 min.,"1,726 m.","1,988 m.",770 m.,,,,,,,,,,,,,,,,,,,,,,,,,,,,,,Mbooni Forest Station.,,,,,,,,,,,,,,,,,,,,,,,,,,,,,,,,,,,,,,,,,,,,,,,,,,,,,,,,,,,,,,,,,,,,,,,,,,,,
113,Sep 2023.,"Ngare Ndare Forest– Meru County, Kenya.",Easy.,8.2 km.,3 hr 31 min.,"2,040 m.","2,146 m.",224 m.,,,,,,,,,,,,,,,,,,,,,,,,,,,,,,,,,,,,,,,,,,,,,,,,,,,,,,,,,,,,,,,,,,,,,,,,,,,,,,,,,,,,,,,,,,,,,,,,,,,,,,,,,,
114,Sep 2023.,"Mount Ololokwe– Samburu County, Kenya.",Moderate.,10.5 km.,6 hr 47 min.,"1,085 m.","1,851 m.",852 m.,,,,,,,,,,,,,,,,,,,,,,,,,,,,,,,,,,,,,,,,,,,,,,,,,,,,,,,,,,,,,,,,,,,,,,,,,,,,,,,,,,,,,,,,,,,,,,,,,,,,,,,,,,
115,Aug 2023.,"Kimakia Forest– Aberdare National Park, Kenya.",Easy/Moderate.,13 km.,3 hr 26 min.,"2,071 m.","2,292 m.",417 m.,,,,,,,,,,,,,,,,,,,,,,,,,,,,,,,,,,,,,,,,,,,,,,,,,,,,,,,,,,,,,,,,,,,,,,,,,,,,,,,,,,,,,,,,,,,,,,,,,,,,,,,,,,
116,Aug 2023.,"The Twelve Apostles– Aberdare Range, Kenya.",Very Hard.,,,,,,,,,,,,,,,,,,,,,,,,,,,,,,,,,,,Njabini Gate.,,,,,,,,,,,,,,,,,,,,,,,,,,,,,,,,,,,,,,,,,,,,,,,,,,,,,,,,,,,,,,,,,,,,,,,,,,,,
117,Aug 2023.,"Mugi Hill & Giant’s Billiard Table – Mount Kenya National Park, Kenya.",Moderately Hard.,27 km.,7 hr 46 min.,"2,950 m.",,"1,148 m.",,,,,9:01 am.,,4:47 pm,,,,,,,,,,,,,,,,,,,,,,,Chogoria Gate.,11:50 am.,2:01 pm.,"3,364 m.","3,541 m.",,,,,,,,,,,,,,,,,,,,,,,,,,,,,,,,,,,,,,,,,,,,,,,,,,,,,,,,,,,,,,,,,,,,,,,,
118,Aug 2023.,"Zaina Falls– Aberdare National Park, Kenya.",Easy.,4.4 km.,1 hr 25 min.,"2,014 m.","2,095 m.",135 m.,,,,,,,,,,,,,,,,,,,,,,,,,,,,,,,,,,,,,,,,,,,,,,,,,,,,,,,,,,,,,,,,,,,,,,,,,,,,,,,,,,,,,,,,,,,,,,,,,,,,,,,,,,
119,July 2023.,"Sagana Gorge– Murang’a County, Kenya.",Moderate.,12.3 km.,5 hr 58 min.,"1,134 m.","1,424 m.",557 m.,,,,,,,Jangwani Camp.,,,,Riandira.,,,,,,,,,,,,,,,,,,,,,,,,,,,,,,,,,,,,,,,,,,,,,,,,,,,,,,,,,,,,,,,,,,,,,,,,,,,,,,,,,,,,,,,,,,,,,,,
120,July 2023.,"Kenze Gorge– Mukaa, Kenya.",Moderate.,10 km.,5 hr 11 min.,"1,422 m.","1,695 m.",422 m.,,,,,,,,,,,,,,,,,,,,,,,,,,,,,,,,,,,,,,,,,,,,,,,,,,,,,,,,,,,,,,,,,,,,,,,,,,,,,,,,,,,,,,,,,,,,,,,,,,,,,,,,,,
121,July 2023.,"Jozani Forest– Zanzibar, Tanzania.",Easy.,3.5 km.,1 hr 27 min.,15 m.,24 m.,14 m.,,,,,,,,,,,,,,,,,,,,,,,,,,,,,,,,,,,,,,,,,,,,,,,,,,,,,,,,,,,,,,,,,,,,,,,,,,,,,,,,,,,,,,,,,,,,,,,,,,,,,,,,,,
122,July 2023.,"Ngosi Crater Lake– Mbeya, Tanzania.",Easy.,3.6 km.,1 hr 39 min.,"2,383 m.","2,474 m.",166 m.,,,,,,,,,,,,,,,,,,,,,,,,,,,,,,,,,,,,,,,,,,,,,,,,,,,,,,,,,,,,,,,,,,,,,,,,,,,,,,,,,,,,,,,,,,,,,,,,,,,,,,,,,,
123,July 2023.,"Mount Rungwe– Mbeya Region, Tanzania.",Moderately Strenuous.,16 km.,6 hr 55 min.,"1,692 m.",,"1,339 m.",,,,,9:21 am.,1:07 pm.,4:16 pm.,,,,,,,,,,,,,,,,,,,,,,,,,,,,"2,981 m.",,,,,,,,,,,,,,,,,,,,,,,,,,,,,,,,,,,,,,,,,,,,,,,,,,,,,,,,,,,,,,,,,,,,,,,
124,July 2023.,"Loleza Mountain– Mbeya, Tanzania.",Moderate.,15.5 km.,5 hr 52 min.,"1,736 m.",,962 m.,,,,,,,,,,,,,,,,,,,,,,,,,,,,,,,,,,,,"2,656 m.",,,,,,,,,,,,,,,,,,,,,,,,,,,,,,,,,,,,,,,,,,,,,,,,,,,,,,,,,,,,,,,,,,,,,,
125,July 2023.,"Pugu Hills– Dar es Salaam, Tanzania.",Easy.,3.7 km.,2 hrs.,162 m.,,187 m.,,,,,,,,,,,,,,,,,,,,,,,,,,,,,,,,,,,,277 m.,,,,,,,,,,,,,,,,,,,,,,,,,,,,,,,,,,,,,,,,,,,,,,,,,,,,,,,,,,,,,,,,,,,,,,
126,June 2023.,"Mount Muhabura– Virunga Mountains, Uganda.",Very Hard.,10.2 km.,10 hr 43 min.,"2,291 m.",,"1,872 m.",,,,,6:48 am.,12:52 pm.,5:31 pm.,,,,,,,,,,,,,,,,,,,,,,,,,,,,,"4,127 m.",,,,,,,,,,,,,,,,,,,,,,,,,,,,,,,,,,,,,,,,,,,,,,,,,,,,,,,,,,,,,,,,,,,,,,
127,June 2023.,"Mount Gahinga –Virunga Mountains, Uganda.",Hard.,11.7 km.,6 hr 9 min.,"2,347 m.",,"1,138 m.",,,,,8:06 am.,11:20 am.,2:15 pm.,,,,,,,,,,,,,,,,,,,,,,,,,,,,,"3,474 m.",,,,,,,,,,,,,,,,,,,,,,,,,,,,,,,,,,,,,,,,,,,,,,,,,,,,,,,,,,,,,,,,,,,,,,
128,June 2023.,"Mount Sabyinyo – Virunga Mountains, Uganda.",Hard.,12 km.,8 hr 23 min.,,,"1,285 m.",,,,,8:18 am.,12:28 pm.,4:41 pm.,,,,,,,,,,,,,,,,,,,,,,,Mgahinga National Park.,,,,,,"3,669 m.",,,,,,,,,,,,,,,,,,,,,,,,,,,,,,,,,,,,,,,,,,,,,,,,,,,,,,,,,,,,,,,,,,,,,,
129,May 2023.,"Table Mountain– Aberdare Range, Kenya.",Hard.,11 km.,,"2,804 m.",,"1,101 m.",,,,,,,,,,,,,,,,,,,,,,,,,,,,,,,,,,,,,5 hr 45 min.,"*3,791 m.",,,,,,,,,,,,,,,,,,,,,,,,,,,,,,,,,,,,,,,,,,,,,,,,,,,,,,,,,,,,,,,,,,,,
130,May 2023.,"Kieni Forest– Aberdare National Park, Kenya.",Moderate.,14 km.,,"2,075 m.","2,259 m.",445 m.,,,,,,,,,,,,,,,,,,,,,,,,,,,,,,,,,,,,,5 hr 33 min.,,,,,,,,,,,,,,,,,,,,,,,,,,,,,,,,,,,,,,,,,,,,,,,,,,,,,,,,,,,,,,,,,,,,,
131,May 2023.,"Ngong Hills – Ngong, Kenya.",Moderate.,12 km.,,"2,304 m.","2,462 m.",654 m.,Trailheadto the 7th hill and back.,,,,,,,,,,,,,,,,,,,,,,,,,,,,,,,,,,,,3 hr 33 min.,,,,,,,,,,,,,,,,,,,,,,,,,,,,,,,,,,,,,,,,,,,,,,,,,,,,,,,,,,,,,,,,,,,,,
132,May 2023.,"K.I.C.C– Nairobi, Kenya.",,,,,,,,,,,,,,,,,,,,,,,,,,,,,,,,,,,,,,,,,,,,,,,,,,,,,,,,,,,,,,,,,,,,,,,,,,,,,,,,,,,,,,,,,,,,,,,,,,,,,,,,,,,,,,,,
133,May 2023.,"Karunguru Coffee Farm– Juja, Kenya.",Easy.,,,,,,,,,,,,,,,,,,,,,,,,,,,,,,,,,,,,,,,,,,1 hr 45 min.,,,4.5 km.,,,,,,,,,,,,,,,,,,,,,,,,,,,,,,,,,,,,,,,,,,,,,,,,,,,,,,,,,,,,,,,,,,
134,April 2023.,"Elephant Hill– Aberdare Range, Kenya.",Hard.,18 km.,10 hr 45 min.,,,"1,200 m.",,,,,,,,"3,657 m.",,,,,,,,,,,,,,,,,,,,,,,,,,,,,,,,,"2,530 m.",,,,,,,,,,,,,,,,,,,,,,,,,,,,,,,,,,,,,,,,,,,,,,,,,,,,,,,,,,,,,,,,,
135,March 2023.,"Ol Donyo Sabuk– Machakos County, Kenya.",Easy/Moderate.,12.4 km.,3 hr 32 min.,,,720 m.,,,,,,,,"2,145 m.",,,,,,,,,,,,,,,,,,,,,,,,,,,,,,,,,"1,435 m.",,,,,,,,,,,,,,,,,,,,,,,,,,,,,,,,,,,,,,,,,,,,,,,,,,,,,,,,,,,,,,,,,
136,Feb 2023.,"Mafadi Peak – Drakensberg, South Africa.",Moderate.,53 KM.,,,,,via Judges Pass.,Injisuthi.,4 Days.,,,,,,"2,794 m.",,,,,,,,,,,,,,,,,,,,,,,,,,,,,,,,,.,,,,,,,,,,,,,,,,,,,,,,,,,,,,,,,,,,,,,,,,,,,,,,,,,,,,,,,,,,,,,,,,
137,Feb 2023.,"Walter Sisulu Botanical Garden– Roodepoort, South Africa.",Easy.,5 km.,2 hr 15 min.,"1,515 m.","1,702 m.",190 m.,,,,,,,,,,,,,,,,,,Witpoortjie Falls.,,,,,,,,,,,,,,,,,,,,,,,,,.,,,,,,,,,,,,,,,,,,,,,,,,,,,,,,,,,,,,,,,,,,,,,,,,,,,,,,,,,,,,,,,
138,Feb 2023.,"Ngong Hills– Ngong, Kenya.",Moderate.,17.8 km.,6 hr 23 min.,"2,100 m.","2,462 m.",951 m.,Wind turbine carpark to Kona Baridi Gate and back.,,,,,,,,,,,,,,,,,,,,,,,,,,,,,,,,,,,,,,,,,,,,,,,,,,,,,,,,,,,,,,,,,,,,,,,,,,,,,,,,,,,,,,,,,,,,,,,,,,,,,,,,,
139,Jan 2023.,"William Hill –Kedong, Kenya.",Moderate.,7.2 km.,5 hr 18 min.,,,577 m.,,A.I.C Kateroechwa.,,,,,,"2,269 m.",,,,,,,,,,,,,,,,,,,,,,,,,,,,,,,,,,,,"1,750 m.",,,,,,,,,,,,,,,,,,,,,,,,,,,,,,,,,,,,,,,,,,,,,,,,,,,,,,,,,,,,,,
140,Jan 2023.,Mount Longonot– Kenya.,Moderate.,12 km.,5 hr 52 min.,,,785 m.,,,,,,,,"2,780 m.",,,,,,,,,,,,,,,,,,,,,,,,,,,,,,,,,,,,"2,142 m.",,,,,,,,,,,,,,,,,,,,,,,,,,,,,,,,,,,,,,,,,,,,,,,,,,,,,,,,,,,,,,
141,Jan 2023.,"Kihuri Forest – Aberdare National Park, Kenya.",Moderate.,15.6 km.,8 hr 29 min.,"2,078 m.","2,519 m.",706 m.,,Kihuri Water Treatment Plant.,,,,,,,,,,,,,,,,,,,,,,,,,,,,,,,,,,,,,,,,,,,,,,,,,,,,,,,,,,,,,,,,,,,,,,,,,,,,,,,,,,,,,,,,,,,,,,,,,,,,,,,,
142,Nov 2022.,"Mount Baio –Lokuchula Village, Kenya.",Hard.,17.8 km.,10 hr 19 min.,,,"1,153 m.",,,,,8:02 am.,1:11 pm.,6:21 pm.,"1,704 m.",,,,,,,,,,,,,,,,,,,,,,,,,,,,,,,,,,,,579 m.,,,,,,,,,,,,,,,,,,,,,,,,,,,,,,,,,,,,,,,,,,,,,,,,,,,,,,,,,,,,,,
143,Nov 2022.,"Mount Ng’iro– South Horr, Kenya.",Very Hard.,23 km.,13 hr 2 min.,,,"1,980 m.",Jiijato Kosikosi Peak and back.,,,,7:44 am.,3:27 pm.,8:46 pm.,,,,,,,,,,,,,,,,,,,,,,,,,,,,,,,,,,,,,990 m.,"2,633 m.",,,,,,,,,,,,,,,,,,,,,,,,,,,,,,,,,,,,,,,,,,,,,,,,,,,,,,,,,,,,,
144,Nov 2022.,"Mount Poi– Ngurunit, Kenya.",Hard.,18.4 km.,10 hr 43 min.,,,"1,200 m.",,,,,7:20 am.,12:44 pm.,6:03 pm.,"1,981 m.",,,,,,,,,,,,,,,,,,,,,,,,,,,,,,,,,,,,800 m.,,,,,,,,,,,,,,,,,,,,,,,,,,,,,,,,,,,,,,,,,,,,,,,,,,,,,,,,,,,,,,
145,Nov 2022.,"Aldera Hill – Ngurunit, Kenya.",Moderately Hard.,18 km.,7 hr 29 min.,769 m.,,"1,120 m.",,Camp Ndotto.,,,,,,"1,812 m.",,,,,,,,,,,,,,,,,,,,,,,,,,,,,,,,,,,,,,,,,,,,,,,,,,,,,,,,,,,,,,,,,,,,,,,,,,,,,,,,,,,,,,,,,,,,,,,,,,
146,Oct 2022.,"Kitich Trail – Samburu County, Kenya.",Moderate.,19.3 km.,,"1,267 m.","1,910 m.",852 m.,,Kitich Forest Camp.,2 Days/1 Night Fly Camping.,,,,,,,,,,,,,,,,,,,,,,,,,,,,,,,,,,,,,,,,,,,,,,,,,,,,,,,,,,,,,,,,,,,,,,,,,,,,,,,,,,,,,,,,,,,,,,,,,,,,,,,
147,Sep 2022.,"Mount Satima – Aberdare Range, Kenya.",Hard.,28.5 km.,8 hr 29 min.,,,"1,189 m.",Wandare trailhead – Summit – Twin Rocks – Summit – Wandare trailhead.,Wandare trailhead.,,,,,,,,,,,,,,,,,,,,,,,,,,,,,,,,,,,,,,,,,,,,Wandare – Dragon’s Traverse (return trip).,"3,619 m.","3,387 m.","4,001 m.",,,,,,,,,,,,,,,,,,,,,,,,,,,,,,,,,,,,,,,,,,,,,,,,,,,,,,,,,
148,Aug 2022.,"Kilimanjaro, Tanzania.",Super Hard.,44.4 km.,,,,,Umbwe – Arrow Glacier (Western Breach).,,4 Days.,,,,Mweka Gate.,,"4,404 m.",,Umbwe Gate.,,,,,,,,,,,,,,,,,,,,,,,,,,,,,,,,,,,,,,,.,,,,,,,,,,,,,,,,,,,,,,,,,,,,,,,,,,,,,,,,,,,,,,,,,,,,,,,,
149,Aug 2022.,Mount Kenya – Kenya.,Hard.,28 km.,,"3,043 m.",,"2,000 m.",Naro Moru.,Met Station.,2 Days.,,,,,,,,,,,,,,,,,,,,,,,,,,,,,,,,,,,,,,,,,,,,,,,,"2 Hikers, 1 Guide, 1 Chef & 2 Porters.","6,030.","4,985 m.",,,,,,,,,,,,,,,,,,,,,,,,,,,,,,,,,,,,,,,,,,,,,,,,,,,,,
150,Aug 2022.,"Ngong Hills – Ngong, Kenya.",Moderate.,8.8 km.,1 hr 51 min.,"2,134 m.","2,429 m.",489 m.,Hike to the 3rd hill and back.,Ngong Gate.,,,,,,,,,,,,,,,,,,,,,,,,,,,,,,,,,,,,,,,,,,,,,,,,,,932.,,,,,,,,,,,,,,,,,,,,,,,,,,,,,,,,,,,,,,,,,,,,,,,,,,,,,,
151,July 2022.,"Elephant Hill – Aberdare Range, Kenya.",Hard.,18.8 km.,6 hr 18 min.,"2,530 m.",,"1,175 m.",,Njabini Forest Gate.,,,8:19 am.,11:43 am.,2:37 pm.,"3,657 m.",,,,,,,,,,,,,,,,,,,,,,,,,,,,,,,,,,,,,,,,,,,,"2,873.",,,,,,,,,,,,,,,,,,,,,,,,,,,,,,,,,,,,,,,,,,,,,,,,,,,,,,
152,July 2022.,"Mount Kinangop – Aberdare Range, Kenya.",Hard.,26.4 km.,11 hr 48 min.,"2,648 m.",,"1,304 m.",Mutarakwa.,North Kinangop Forest Station.,,,7:44 am.,2:33 pm.,7:32 pm.,"3,906 m.",,,,,,,,,,,,,,,,,,,,,,,,,,,,,,,,,,,,,,,,,,,,"5,079.",,,,,,,,,,,,,,,,,,,,,,,,,,,,,,,,,,,,,,,,,,,,,,,,,,,,,,
153,June 2022.,"Nyahururu Falls– Nyahururu, Kenya.",Easy-Moderate.,1 km.,37 min.,"2,260 m.","2,339 m.",86 m.,,,,,,,,,,,,,,,,,,,,,,,,,,,,,,,,,,,,,,,,,,,,,,,,,,,,343.,,,,,,,,,,,,,,,,,,,,,,,,,,,,,,,,,,,,,,,,,,,,,,,,,,,,,,
154,June 2022.,"Manguyo Forest – Aberdare National Park, Kenya.",Moderate.,18 km.,8 hr 43 min.,"2,180 m.","2,471 m.",610 m.,,,,,,,,,,,,,,,,,,,,,,,,,,,,,,Tuthu Shopping Centre.,,,,,,,,,,,,,,,,,,,,,,"3,425.",,,,,,,,,,,,,,,,,,,,,,,,,,,,,,,,,,,,,,,,,,,,,,,,,,,,,,
155,May 2022.,"Mount Ololokwe– Samburu County, Kenya.",Moderate.,14.3 km.,,"1,083 m.",,943 m.,,,2 days/1 night camping.,,,,,"1,895 m.",,,,,,,,,,,,,,,,,,,,,,,,,,,,,,,,,,,,,,,,,,,,"4,831.",,Camp at the summit.,,,,,,,,,,,,,,,,,,,,,,,,,,,,,,,,,,,,,,,,,,,,,,,,,,,,
156,May 2022.,"Mundoro, Kenya.",Moderate,23.6 km.,6 hr 59 min.,"2,175 m.","2,682 m.",675 m.,,,,,,,Soko Mjinga.,,,,Mundoro.,,,,,,,,,,,,,,,,,,,,,,,,,,,,,,,,,,,,,,,,,"2,433.",,,,,,,,,,,,,,,,,,,,,,,,,,,,,,,,,,,,,,,,,,,,,,,,,,,,,,
157,April 2022.,Mount Kenya.,Very Hard.,27.4 km.,14 hr 42 min.,"3,043 m.",,"2,000 m.",Naro Moru.,,,,4:55 am.,1:52 pm.,7:37 pm.,,,,,,,,,,,,,,,,,,,,,,,,,,,,,,,,,,,,,,,,,,,,,"5,722.","4,985 m.",,Met Station – Lenana Peak – Met Station.,,,,,,,,,,,,,,,,,,,,,,,,,,,,,,,,,,,,,,,,,,,,,,,,,,,
158,April 2022.,"Brakenhurst– Tigoni, Kenya.",Easy.,2.5 km.,45 min.,"2,147 m.","2,193 m.",78 m.,,,,,,,,,,,,,,,,,,,,,,,,,,,,,,,,,,,,,,,,,,,,,,,,,,,,428.,,,,,,,,,,,,,,,,,,,,,,,,,,,,,,,,,,,,,,,,,,,,,,,,,,,,,,
159,March 2022.,"Twelve Apostles– Aberdare Range, Kenya.",Very Hard.,,,,,,,Njabini Gate.,,,,,,,,,,,,,,,,,,,,,,,,,,,,,,,,,,,,,,,,,,,,,,,,,,,,,,,,,,,,,,,,,,,,,,,,,,,,,,,,,,,,,,,,,,,,,,,,,,,,,,,,
160,Feb 2022.,"Diani Beach, Kenya.",Moderate.,24.1 km.,5 hr 50 min.,0 m.,17 m.,79 m.,Kongo RivertoChale Island.,,,,,,,,,,,,,,,,,,,,,,,,,,,,,,,,,,,,,,,,,,,,,,,,,,,"1,937.",,,,,,,,,,,,,,,,,,,,,,,,,,,,,,,,,,,,,,,,,,,,,,,,,,,,,,
161,Feb 2022.,"Aberdare Range, Kenya.",Very Hard.,91.3 km.,,,,,,,3 Days/2 Nights Camping.,,,,Njabini Gate.,,"3,226 m.",,Twin Rocks.,,,,,,,,,,,,,,,,,,,,,,,,,,,,,,,,,,,The Cha Muhimu Traverse.,,,,,,,,,,"It is a 90KM hiking trail in the Aberdare Range from the north to the south of the mountain range. It also requires one to summit Mount Satima, Table Mountain, Rurimeria Hill, Mount Kinangop and Elephant Hill along the way.","4,017 m.","13,152.",,,,,,,,,,,,,,,,,,,,,,,,,,,,,,,,,,,,,,,,,,,,,,,,
162,Jan 2022.,"Rurimeria Hill– Aberdare Range, Kenya.",Hard.,14.4 km.,9 hr 55 min.,"2,836 m.",,"1,182 m.",,Gathuthi Primary School.,,,8:44 am.,2:04 pm.,6:39 pm.,"3,860 m.",,,,,,,,,,,,,,,,,,,,,,,,,,,,,,,,,,,,,,,,,,,,"3,345.",,,,,,,,,,,,,,,,,,,,,,,,,,,,,,,,,,,,,,,,,,,,,,,,,,,,,,
163,Jan 2022.,Aberdare Range – Kenya.,Hard.,18.8 km.,: 8 hr 42 min.,"2,652 m.","3,435 m.",600 m.,Mutubio – Mutarakwa Traverse.,,,,,,North Kinangop Forest Station.,,,,Mutubio Gate.,"1,146 m.",,,,,,,,,,,,,,,,,,,,,,,,,,,,,,,,,,,,,,,,"3,548.",,,,,,,,,,,,,,,,,,,,,,,,,,,,,,,,,,,,,,,,,,,,,,,,,,,,,,
164,Jan 2022.,"Ngong Hills– Ngong, Kenya.",Moderate.,11.8 km.,4 hr 30 min.,"2,138 m.","2,461 m.",686 m.,Ngong Gate to the 5th Hill (highest point) and back.,,,,,,,,,,,,,,,,,,,,,,,,,,,,,,,,,,,,,,,,,,,,,,,,,,,,,,,,,,,,,,,,,,,,,,,,,,,,,,,,,,,,,,,,,,,,,,,,,,,,,,,,,
165,Dec 2021.,Rwenzori Mountains– Uganda.,Very Hard.,64.1 km.,,,,,Central Circuit Trail.,,8 Days.,,,,,,"5,069 m.",,,,,,,,,,,,,,,,,,,,,,,,,,,,,,,,,,,,,,,,,,,,,,,,,,Margherita Peak and Mt. Speke: Vittorio Emanuele Peak.,,,,,,,,,,,,,,,,,,,,,,,,,,,,,,,,,,,,,,,,,,,,,,,
166,Nov 2021.,Everest Base Camp Trek – Nepal.,Moderate.,125.6 km.,,,,,,Lukla.,10 Days.,,,,,,"6,130 m.",,,,,,,,,,,,,,,,,,,,,,,,,,,,,,,,,,,,,,,,,,,,,,,,,"20,886.",,,,,,,,,,,,,,,,,,,,,,,,,,,,,,,,,,,,,,,,,,,,,,,,
167,Oct 2021.,Mount Kenya.,Insane!,,,,,,,,,,,,,,,,,,,,,,,,,,,,,,,,,,,,,,,,,,,,,,,,,,,,,,,,,,,,,,,,,"To do the Mount Kenya 3 Routes Challenge (Naro Moru, Chogoria & Sirimon).",,,,,,,,,,,,,,,,,,,,,,,,,,,,,,,,,,,,,,,,,,,,,,
168,Oct 2021.,"Loita Hills – Narok County, Kenya.",Moderate.,36.3 km.,,782 m.,"2,409 m.",756 m.,,,4 days/3 nights (wild camping).,,,,Entasopia.,,,,Naimina Enkiyio Forest(Loita Forest).,"2,225 m.",,,,,Entasopia Waterfalls & Nguruman Escarpment.,,,,,,,,,,,,,,,,,,,,,,,,,,,,,,,,,,,"8,101.",,,,,,,,,,,,,,,,,,,,,,,,,,,,,,,,,,,,,,,,,,,,,,,,,,,,,,
169,Oct 2021.,"Mount Kinangop – Aberdare Range, Kenya.",Hard.,27.2 km.,10 hr 27 min.,"2,624 m.",,"1,340 m.",Mutarakwa.,North Kinangop Forest Station.,,,9:23 am.,2:38 pm.,7:50 pm.,"3,906 m.",,,,,,,,,,,,,,,,,,,,,,,,,,,,,,,,,,,,,,,,,,,,"3,614.",,,,,,,,,,,,,,,,,,,,,,,,,,,,,,,,,,,,,,,,,,,,,,,,,,,,,,
170,Oct 2021.,"Mount Longonot– Naivasha, Kenya.",Moderate.,12 km.,4 hr 30 min.,"2,143 m.",,775 m.,,,,,11:05 am.,1:10 pm.,3:35 pm.,"2,780 m.",,,,,,,,,,,,,,,,,,,,,,,,,,,,,,,,,,,,,,,,,,,,"1,784.",,,,,,,,,,,,,,,,,,,,,,,,,,,,,,,,,,,,,,,,,,,,,,,,,,,,,,
171,Sept 2021.,"Aberdare Range, Kenya.",Hard.,23.4 km.,9 hr 34 min.,"2,751 m.","4,001 m.","1,148 m.",,,,,9:53 am.,,7:27 pm.,,,,Twin Rocks.,,,,,,,,,,,,,,,,,,,,,,,,,,,,,,,,,,,,,,,,,"3,377.",,,,,,,,,Satima Summit:12:12 pm.,: 5:15 pm.,,,,,,,,,,,,,,,,,,,,,,,,,,,,,,,,,,,,,,,,,,,,
172,Sept 2021.,"Seven Ponds– Aberdare Range, Kenya.",Hard.,11.2 km.,7 hr 56 min.,"2,798 m.","3,817 m.","1,040 m.",,,,,,,,,,,,,,,,,,,,,,,,,,,,,,,,,,,,,,,,,,,,,,,,,,,,"2,421.",,,,,,,,,,,,,,,,,,,,,,,,,,,,,,,,,,,,,,,,,,,,,,,,,,,,,,
173,Aug 2021.,Mount Kilimanjaro– Tanzania.,Extremely Hard!,54.3 km.,29 hr 38 min.,,,"4,065 m.",Marangu – Mweka.,,,,12:46 pm.,,,,,,,,,,,,,,,,,,,,,,,,,,,,,,,,,,,,,,,,,,,,,,,"9,780.",,,,,,,,To hike from Marangu Gate to Uhuru Peak and down to Mweka Gate within 24 hrs.,,,Finished 5 hr 38 min over targeted time.,11:42 pm.,9:17 am. (next day),11:16 am.,6:24 pm.,"1,879 m.","5,895 m.",,,,,,,,,,,,,,,,,,,,,,,,,,,,,,,,,,,,,
174,Aug 2021.,"Table Mountain– Aberdare Range, Kenya.",Very Hard.,17.7 km.,8 hr 47 min.,"2,756 m.",,"2,132 m.",,,,,9:02 am.,,5:49 pm.,"3,971 m.",,,,,,,,,,,,,,,,,,,,,,,,,,,,,,,,,,,,,,"X2 Challenge. That is, Base – Summit – Base (x2).",,,,,,"3,639.",,,,,,,,,,,,,,,,,,3 hr 26 min.,31 min.,4 hr 50 min.,11:13 am.,3:40 pm.,,,,,,,,,,,,,,,,,,,,,,,,,,,,,,,,
175,Aug 2021.,"Mount Satima– Aberdare Range, Kenya.",Very Hard.,30.2 km.,7 hr 3 min.,"3,376 m.",,"1,356 m.",Dragon’s Teeth Trail.,,,,10:25 am.,,5:28 pm.,"4,001 m.",,,,,,,,,,,,,,,,,,,,,,,,,,,,,,,,,,,,,,"X2 Challenge. That is, Base – Summit – Base (x2).",,,,,,"3,243.",,,,,,,,,,,,,,,,,,,,,12:21 pm.,3:46 pm.,3 hr 18 min.,3 hr 45 min.,,,,,,,,,,,,,,,,,,,,,,,,,,,,,,
176,July 2021.,"Rurimeria Hill– Aberdare Range, Kenya.",Very Hard.,25.5 km.,10 hr 20 min.,"2,972 m.",,"2,062 m.",,,,,8:48 am.,,7:08 pm.,"3,860 m.",,,,,,,,,,,,,,,,,,,,,,,,,,,,,,,,,,,,,,"X2 challenge. That is, Base – Summit – Base (x2).",,,,,,"4,457.",,,,,,,,,,,,,,,,,,4 hr 49 min.,24 min.,5 hr 7 min.,11:35 am.,5:01 pm.,,,,,,,,,,,,,,,,,,,,,,,,,,,,,,,,
177,July 2021.,"Sleeping Warrior & Ugali Hills– Elementaita, Kenya.",Moderate.,18.7 km.,6 hr 21 min.,"1,782 m.","2,110 m.",818 m.,,,,,,,,,,,,,,,,,,,,,,,,,,,,,,,,,,,,,,,,,,,,,,,,,,,,"2,119.",,,,,,,,,,,,,,,,,,,,,,,,,,,,,,,,,,,,,,,,,,,,,,,,,,,,,,
178,July 2021.,"Mount Suswa– Suswa, Kenya.",Moderate.,21.3 km.,6 hr 23 min.,"1,824 m.",,611 m.,,,,,8:50 am.,10:31 am.,3:13 pm.,"2,356 m.",,,,,,,,,,,,,,,,,,,,,,,,,,,,,,,,,,,,,,,,,,,,"2,024.",,,,,,,,,,,,,,,,,,,,,,,,,,,,,,,,,,,,,,,,,,,,,,,,,,,,,,
179,July 2021.,"Mount Longonot– Naivasha, Kenya.",Very Hard.,37 km.,11 hr 13 min.,"2,135 m.","2,780 m.","2,369 m.",,,,,,,,,,,,,,,,,,,,,,,,,,,,,,,,,,,,,,,,,,,,,,"To do the triple loop. That is, Gate – Summit – Circle – Gate (x3).",,,,,,"4,433.",,,,,,,,,,,,,,,,,,,31 min.,,,,2 hr 51 min.,3 hr 14 min.,4 hr 21 min.,,,,,,,,,,,,,,,,,,,,,,,,,,,,,
180,June 2021.,"Kilimanjaro, Tanzania.",Extremely Hard.,40 km.,29 hr 49 min.,,,"4,215 m.",Mweka.,Mweka Gate.,,,4:40 am.,9:56 pm.,10:29 am. (next day),,,,,,,,,,,,,,,,,,,,,,,,,,,,,,,,,,,,,,,,,,,,,"9,419.",,,,,,,,To hike from Mweka Gate to Uhuru Peak and back within 24 hrs.,,,Finished a few hours late.,,,,,,"5,895 m.",,,,,,,,,"1,640 m.",,,,,,,,,,,,,,,,,,,,,,,,,,,,
181,June 2021.,Mount Kenya.,Very Hard.,28 km.,12 hr 31 min.,,,"2,071 m.",Naro Moru.,Met Station.,,,4:43 am.,12:36 pm.,5:14 pm.,,,,,,,,,,,,,,,,,"3,048 m.",,,,,,,,,,,,,,,,,,,,,,,,,,,,"4,167.","4,985 m.",,,,,,,To hike from Met Station to Lenana Peak and back within 24 hours.,,,Successful.,,,,,,,,,,,,,,,,8 hr 11 min.,,,,,,,,,,,,,,,,,,,,,,,,,,,
182,June 2021,"Elephant Hill – Aberdare Range, Kenya.",Very Hard.,37 km.,11 hr 6 min.,"2,531 m.",,"2,342 m.",,Njabini Forest Gate.,,,7:08 am.,,6:14 pm.,"3,657 m.",,,,,,,,,,,,,,,,,,,,,,,,,,,,,,,,,,,,,,"X2 Challenge. That is, Njabini Gate – Summit – Njabini Gate. (x2)",,,,,,"4,410.",,,,,,,,,,,,,,,,,,4 hr 34 min.,29 min.,6 hr 3 min.,9:41 am.,3:38 pm.,,,,,,,,,,,,,,,,,,,,,,,,,,,,,,,,
183,June 2021.,"Table Mountain– Elementaita, Kenya.",Moderate.,14.9 km.,6 hr 7 min.,"1,839 m.",,489 m.,,,,,,,,"2,270 m.",,,,,,,,,,,,,,,,,,,,,,,,,,,,,,,,,,,,,,,,,,,,"1,702.",,,,,,,,,,,,,,,,,,,,,,,,,,,4 hr 4 min.,,,,,,,,,,,,,,,,,,,,,,,,,,,
184,June 2021,"Mount Kinangop – Aberdare Range, Kenya.",Very Hard.,29.5 km.,12 hr 15 min.,"2,519 m.",,"1,949 m.",Up & Down via Elephant Hill.,Njabini Forest Gate.,,,,2:19 pm.,8:03 pm.,"3,906 m.",,,,,,,,,,,,,,,,,,,,,,,,,,,,,,,,,,,,,,,,,,,,"3,396.",,,,,,,,,,,,,,,,,,,,,,,,,,,9 hr 43 min.,7:48 am.,,,,,,,,,,,,,,,,,,,,,,,,,,
185,May 2021.,"Ngong Hills– Ngong, Kenya.",Hard.,43 km.,12 hr 36 min.,"2,077 m.","2,462 m.","2,182 m.",,,,,,,,,,,,,,,,,,,,,,,,,,,,,,,,,,,,,,,,,,,,,,"To do the Ngong Hills X2 Challenge. That is, Ngong Gate – Kona Baridi Gate – Ngong Gate x2.",,,,,,"4,008.",,,,,,,,,,,,,,,,,,5 hr 42 min.,,6 hr 54 min.,,,,,,,11 hr 9 min.,,,,,,,,,,,,,,,,,,,,,,,,,,,
186,May 2021.,"Ol Doinyo Orok– Maili Tisa, Kenya.",Moderate.,18.9 km.,8 hr 11 min.,"1,273 m.","1,918 m.",732 m.,Entorosi Cave & Waterfalls Trail.,,,,,,,,,,,,,,,,,,,,,,,,,,,,,,,,,,,,,,,,,,,,,,,,,,,"2,327.",,,,,,,,,,,,,,,,,,,,,,,,,,,6 hr 26 min.,,,,,,,,,,,,,,,,,,,,,,,,,,,
187,May 2021.,"Kamweti Forest, Mount Kenya.",Moderate.,13 km.,4 hr 41 min.,"2,078 m.","2,279 m.",319 m.,,,,,,,,,,,Castle Forest Lodge.,,,,,,,,,,,,,,,,,,,,,,,,,,,,,,,,,,,,,,,,,"1,189.",,,,,,,,,,,,,,,,,,,,,,,,,,,3 hr 45 min.,,Kamweti Falls.,,,,,,,,,,,,,,,,,,,,,,,,,
188,May 2021.,"Mount Loolmalasin– Ngorongoro Conservation Area, Tanzania.",Hard.,19 km.,8 hr 27 min.,"2,552 m.",,"1,272 m.",,,,,8:43 am.,12:13 pm.,5:10 pm.,"3,682 m.",,,,,,,,,,,,,,,,,,,,,,,,,,,,,,,,,,,,,,,,,,,,"2,923.",,,,,,,,,,,,,,,,,,,,,,,,,,,6 hr 44 min.,,,,,,,,,,,,,,,,,,,,,,,,,,,
189,Apr 2021.,"Empakaai Crater– Ngorongoro Conservation Area, Tanzania.",Moderate.,4 km.,1 hr 47 min.,"2,232 m.","2,510 m.",274 m.,,,,,,,,,,,,,,,,,,,,,,,,,,,,,,,,,,,,,,,,,,,,,,,,,,,,615.,,,,,,,,,,,,,,,,,,,,,,,,,,,1 hr 25 min.,,,,,,,,,,,,,,,,,,,,,,,,,,,
190,Apr 2021.,"Mount Hanang– Katesh, Tanzania.",Hard.,17.2 km.,9 hr 20 min.,"1,929 m.",,"1,604 m.",,,,,7:02 am.,11:51 am.,4:22 pm.,"3,423 m.",,,,,,,,,,,,,,,,,,,,,,,,,,,,,,,,,,,,,,,,,,,,"2,801.",,,,,,,,,,,,,,,,,,,,,,,,,,,7 hr 13 min.,,,,,,,,,,,,,,,,,,,,,,,,,,,
191,Apr 2021.,"Mount Olorgesailie– Oltepesi, Kenya.",Moderately Strenuous.,24.6 km.,9 hr 24 min.,967 m.,,848 m.,,,,,,,,"1,727 m.",,,,,,,,,,,,,,,,,,,,,,,,,,,,,,,,,,,,,,,,,,,,"2,842.",,,,,,,,,,,,,,,,,,,,,,,,,,,7 hr 26 min.,,,,,,,,,,,,,,,,,,,,,,,,,,,
192,Apr 2021.,"Ndiuni Hills –Ndiuni, Kenya.",Moderate.,17.9 km.,8 hr 47 min.,"1,707 m.","2,273 m.",874 m.,,,,,,,,,,,,,,,,,,,,,,,,,,,,,,,,,,,,,,,,,,,,,,,,,,,,"2,546.",,,,,,,,,,,,,,,,,,,,,,,,,,,5 hr 27 min.,,,,,,,,,,,,,,,,,,,,,,,,,,,
193,Apr 2021.,"Kenton & Nathan Hills –Kijabe, Kenya.",Moderately Strenuous.,19.1 km.,7 hr 32 min.,"2,026 m.","2,669 m.","1,182 m.",,,,,,,,,,,,,,,,,,,,,,,,,,,,,,,,,,,,,,,,,,,,,,,,,,,,"2,295.",,,,,,,,,,,,,,,,,,,,,,,,,,,5 hr 43 min.,,,,,,,,,,,,,,,,,,,,,,,,,,,
194,Apr 2021.,"Mount Olesekut –Kisamis, Kenya.",Moderate.,,,"1,804 m.","2,096 m.",363 m.,,,,,,,,,,,,,,,,,,,,,,,,,,,,,,,,,,,,,,,,,,,,,,,,,,,,,,,,,,,,,,,,,,,,,,,,,,,,,,,,,,8 km.,4 hr 35 min.,2 hr 57 min.,"1,247.",,,,,,,,,,,,,,,,,,,,,
195,Mar 2021.,"Mount Elgon, Kenya.",Moderate to Hard.,72.2 km.,3 days.,,,,Chorlim Gate – Koitoboss Peak.,,,,,,,,"2,394 m.",,,,,,,,,,,,,,,,,,,,,,,,,,,,,,,,,,,,,,,,,,,,,,,,,,,,,,,,,,,,,,,,,,,,,,,,,,,,,,,,,,,,,,,,,,,,,,,,,
196,Mar 2021.,"Ol Doinyo Eburru– Eburru, Kenya.",Moderate & A Little Tricky.,,,"2,404 m.","2,664 m.",653 m.,Deep Valley Waterfalls Trail.,,,,,,,,,,,,,,,,"Waterfalls, Hot Steam Vents.",,,,,,,,,,,,,,,,,,,,,,,,,,,,,,,,,,,,,,,,,,,,,,,,,,,,,,,,,,,,,,,,,21 km.,9 hr 20 min.,6 hr 49 min.,"2,750.",,,,,,,,,,,,,,,,,,,,,
197,Mar 2021.,Mount Kenya –Sirimon Route.,Very Hard.,,,,,"1,746 m.",,,,,,12:57 pm.,7:18 pm.,,,,,,,,,,,,,,,,,,,,,,,,,,,,,,,,,,,,,,,,,,,,,,"4,985 m.",,,,,,,To hike from Old Moses Camp to Lenana Peak and back within 24 hours.,,,Successful!,,,,,,,,,,,,,,,,,4:35 am.,,34.1 km.,14 hr 43 min.,10 hr 57 min.,"3,489.","3,300 m.",,,,,,,,,,,,,,,,,,,,
198,Mar 2021.,"Lake Duluti– Arusha, Tanzania.",Easy.,,,"1,280 m.","1,307 m.",35 m.,,,,,,,,,,,,,,,,,,,,,,,,,,,,,,,,,,,,,,,,,,,,,,,,,,,,,,,,,,,,,,,,,,,,,,,,,,,,,,,,,,3.6 km.,1 hr 22 min.,1 hr 4 min.,403.,,,,,,,,,,,,,,,,,,,,,
199,Mar 2021.,"Themi Falls– Arusha, Tanzania.",Moderate.,,,"1,711 m.","1,803 m.",111 m.,,,,,,,,,,,,,,,,,,,,,,,,,,,,,,,,,,,,,,,,,,,,,,,,,,,,,,,,,,,,,,,,,,,,,,,,,,,,,,,,,,3.3 km.,1 hr 31 min.,1 hr 10 min.,411.,,,,,,,,,,,,,,,,,,,,,
200,Mar 2021.,Ol Doinyo Lengai(Mountain of God) – Tanzania.,Very Hard.,,,,,"1,612 m.",,,,,,7:43 am.,1:55 pm.,"2,962 m.",,,,,,,,,,,,,,,,,,,,,,,,,,,,,,,,,,,,,,,,,,,,,,,,,,,,,,,,,,,,,,,,,,,,,,,,2:21 am.,,12.8 km.,11 hr 36 min.,,"3,168.",,,,,,,,,,,,,,,,,,,,,
201,Mar 2021.,Engare Sero Falls– Tanzania.,Moderate.,,,846 m.,892 m.,118 m.,,,,,,,,,,,,,,,,,,,,,,,,,,,,,,,,,,,,,,,,,,,,,,,,,,,,,,,,,,,,,,,,,,,,,,,,,,,,,,,,,,5.5 km.,1 hr 34 min.,,632.,,,,,,,,,,,,,,,,,,,,,
202,Mar 2021.,"Mount Longido– Longido, Tanzania.",Hard.,,,,,"1,227 m.",,,,,,4:43 pm.,7:35 pm.,"2,637 m.",,,,,,,,,,,,,,,,,,,,,,,,,,,,,,,,,,,,,,,,,,,,,,,,,,,,,,,,,,,,,,,,,,,,,,,,1:21 pm.,,13.1 km.,6 hr 14 min.,5 hr 3 min.,"2,286.",,,,,,,,,,,,,,,,,,,,,
203,Feb 2021.,"Gura Forest – Aberdare National Park, Kenya.",Hard.,,,"2,001 m.","2,426 m.",643 m.,,,,,,,,,,,,,,,,,,Gura Falls.,,,,,,,,,,,,,,,,,,,,,,,,,,,,,,,,,,,,,,,,,,,,,,,,,,,,,,,,,,,,,,,,,10 hr 38 min.,8 hr 33 min.,"3,282.",,26.9 km.,,,,,,,,,,,,,,,,,,,
204,Feb 2021.,"Njigari Forest – Aberdare National Park, Kenya.",Moderate.,,,"2,269 m.","2,585 m.",668 m.,,,,,,,,,,,,,,,,,,Waterfalls.,,,,,,,,,,,,,,,,,,,,,,,,,,,,,,,,,,,,,,,,,,,,,,,,,,,,,,,,,,,,,,,,,9 hr 12 min.,6 hr 18 min.,"2,568.",,18.1 km.,,,,,,,,,,,,,,,,,,,
205,Feb 2021.,Mount Kenya –Chogoria Route.,Very Hard.,,,"2,950 m.",,"2,146 m.",,,,,,2:09 pm.,8:17 pm.,,,,,,,,,,,,,,,,,,,,,,,,,,,,,,,,,,,,,,,,,,,,,,"4,985 m.",,,,,,,To hike from Chogoria Gate to Lenana Peak and back within 24 hours.,,,Successful!,,,,,,,,,,,,,,,,,5:41 am.,,37.3 km.,14 hr 36 min.,11 hr 25 min.,"4,040.",,,,,,,,,,,,,,,,,,,,,
206,Feb 2021.,"Materuni Falls– Moshi, Tanzania.",Moderate.,,,"1,508 m.","1,631 m.",185 m.,,,,,,,,,,,,,,,,,,,,,,,,,,,,,,,,,,,,,,,,,,,,,,,,,,,,,,,,,,,,,,,,,,,,,,,,,,,,,,,,,,,1 hr 28 min.,1 hr 14 min.,552.,,,,,,,,,,,,,,,,,,,,,
207,Feb 2021.,"Mount Meru– Arusha, Tanzania.",Very Hard.,,,"1,500 m.","4,566 m. (Summit)",,,,,,,,,,"3,093 m.",,,,,,,,,,,,,,,,,,,,,,,,,,,,,,,,,,,,,,,,,,,,,,,,,,,,,,,,,,,,,,,,,,,,,,,,,45.9 km.,3 days/ 2 nights.,,,,,"6,454.",,,,,,,,,,,,,,,,,,
208,Jan 2021.,"Leleshwa Vineyard –Morendat Farm, Naivasha, Kenya.",Easy.,,,"1,911 m.","1,929 m.",,,,,,,,,,,,,,,,,,,,,,,,,,,,,,,,,,,,,,,,,,,,,,,,,,,,,,,,,,,,,,,,,,,,,,,,,,,,,,,,,,,,1 hr.,18 min.,,,1.2 km.,,,,,,,,,,,,,,,,,,,
209,Jan 2021.,"Elephant Hill– Njabini, Kenya.",Hard.,,,"2,535 m.","3,657 m.","1,169 m.",,,,,,11:16 am.,2:12 pm.,,,,,,,,,,,,,,,,,,,,,,,,,,,,,,,,,,,,,,,,,,,,,,,,,,,,,,,,,,,,,,,,,,,,,,,,,7:57 am.,,,6 hr 15 min.,5 hr 10 min.,,,19.1 km.,,"33,236.","2,586.",,,,,,,,,,,,,,,,
210,Jan 2021.,"Gatura Greens– Murang’a County, Kenya.",Moderate.,,,"1,704 m.","1,854 m.",205 m.,,,,,,,,,,,,,,,,,,,,,,,,,,,,,,,,,,,,,,,,,,,,,,,,,,,,,,,,,,,,,,,,,,,,,,,,,,,,,,,,,,,1 hr.,49 min.,329.,,1.8 km.,,,,,,,,,,,,,,,,,,,
211,Jan 2021.,"Haller Park– Mombasa, Kenya.",Easy.,,,-5 m.,9 m.,,,,,,,,,,,,,,,,,,,Game Sanctuary.,,,,,,,,,,,,,,,,,,,,,,,,,,,,,,,,,,,,,,,,,,,,,,,,,,,,,,,,,,,,,,,,,1 hr 45 min.,1 hr 18 min.,420.,,3.7 km.,,"4,468.",,,,,,,,,,,,,,,,,
212,Jan 2021.,"Gede Ruins– Watamu, Kenya.",Easy.,,,214 m.,229 m.,,,,,,,,,,,,,,,,,,,Historical Culture Tour.,,,,,,,,,,,,,,,,,,,,,,,,,,,,,,,,,,,,,,,,,,,,,,,,,,,,,,,,,,,,,,,,,1 hr 47 min.,1 hr 18 min.,455.,,3.6 km.,,,,,,,,,,,,,,,,,,,
213,Jan 2021.,"Hell’s Kitchen– Marafa, Kenya.",Moderate.,,,232 m.,272 m.,62 m.,,,,,,,,,,,,,,,,,,,,,,,,,,,,,,,,,,,,,,,,,,,,,,,,,,,,,,,,,,,,,,,,,,,,,,,,,,,,,,,,,,,52 min.,38 min.,252.,,2.2 km.,,"3,039.",,,,,,,,,,,,,,,,,
214,Jan 2021.,"Kaya Kinondo Sacred Forest– Diani, Kenya.",Easy.,,,195 m.,199 m.,,,,,,,,,,,,,,,,,,,Cultural Tour.,,,,,,,,,,,,,,,,,,,,,,,,,,,,,,,,,,,,,,,,,,,,,,,,,,,,,,,,,,,,,,,,,1 hr 5 min.,42 min.,264.,,2.2 km.,,,,,,,,,,,,,,,,,,,
215,Jan 2021.,"Colobus Conservation– Diani, Kenya.",Easy.,,,192 m.,198 m.,,,,,,,,,,,,,,,,,,,Eco-Tour.,,,,,,,,,,,,,,,,,,,,,,,,,,,,,,,,,,,,,,,,,,,,,,,,,,,,,,,,,,,,,,,,,26 min.,8 min.,112.,,680 m.,,,,,,,,,,,,,,,,,,,
216,Jan 2021.,"Shimba Hills– Kwale, Kenya.",Moderate.,,,294 m.,454 m.,174 m.,,,,,,,,,,,,,,,,,,Sheldrick Falls.,,,,,,,,,,,,,,,,,,,,,,,,,,,,,,,,,,,,,,,,,,,,,,,,,,,,,,,,,,,,,,,,,1 hr 38 min.,1 hr.,592.,,4.6 km.,,"6,671.",,,,,,,,,,,,,,,,,
217,Jan 2021.,"Mount Kasigau– Rukanga, Kenya.",Hard.,,,759 m.,"1,707 m.","1,096 m.",,,,,,,,,,,,,,,,,,,,,,,,,,,,,,,,,,,,,,,,,,,,,,,,,,,,,,,,,,,,,,,,,,,,,,,,,,,,,,,,,,,6 hr 52 min.,5 hr 20 min.,"2,200.",,16.5 km.,,"29,192.",,,,,,,,,,,,,,,,,
218,Jan 2021.,"Kereita Forest– Kimende, Kenya.",Moderate.,,,"2,220 m.","2,500 m.",526 m.,,,,,,,,,,,,,,,,,,Thaba Falls.,,,,,,,,,,,,,,,,,,,,,,,,,,,,,,,,,,,,,,,,,,,,,,,,,,,,,,,,,,,,,,,,,4 hr 48 min.,4 hr 15 min.,"1,668.",,14.4 km.,,"20,621.",,,,,,,,,,,,,,,,,
219,Dec 2020.,"Hell’s Gate National Park, Kenya.",Moderate.,,,"1,793 m.","1,917 m.",231 m.,,,,,,,,,,,,,,,,,"Ol Njorowa Gorge, Geysers, Hot Steam Vents.",,,,,,,,,,,,,,,,,,,,,,,,,,,,,,,,,,,,,,,,,,,,,,,,,,,,,,,,,,,,,,,,,,4 hr 22 min.,3 hr 26 min.,"1,346.",,12.3 km.,,"15,508.",,,,,,,,,,,,,,,,,
220,Dec 2020.,"Mara Safari Walk –Maasai Mara, Kenya.",Easy.,,,"1,828 m.",1900 m.,,,,,,,,,,,,,,,,,,,,,,,,,,,,,,,,,,,,,,,,,,,,,,,,,,,,,,,,,,,,,,,,,,,,,,,,,,,,,,,,,,,,2 hr 2 min.,1 hr 22 min.,507.,,4.4 km.,,"6,292.",,,,,,,,,,,,,,,,,
221,Dec 2020.,"Ngabunat Cave –Kibabet Tea Estate, Nandi County, Kenya.",Easy.,,,"2,265 m.","2,312 m.",56 m.,,,,,,,,,,,,,,,,,,,,,,,,,,,,,,,,,,,,,,,,,,,,,,,,,,,,,,,,,,,,,,,,,,,,,,,,,,,,,,,,,,,26 min.,22 min.,198.,,1.7 km.,,,,,,,,,,,,,,,,,,,
222,Dec 2020.,"Mount Kinangop– Aberdare Range, Kenya.",Very Hard.,,,"2,536 m.","3,906 m.","1,853 m.",Up Elephant Hill – Down Mutarakwa Forest.,,,,,6:18 pm.,9:45 am. (next day),,,,,,,,,,,,,,,,,,,,,,,,,,,,,,,,,,,,,,,,,,,,,,,,,,,,,,,,,,,,,,,,,,,,,,,,,9:45 am.,,,24 hr.,12 hr 34 min.,"5,026.",,,,,,"48,893.",32.4 km.,15.8 km.,,,,,,,,,,,,,
223,Nov 2020.,"Chyulu Hills– Makueni County, Kenya.",Moderate.,,,"1,676 m.","1,889 m.",492 m.,,,,,,,,,,,,,,,,,,,,,,,,,,,,,,,,,,,,,,,,,,,,,,,,,,,,,,,,,,,,,,,,,,,,,,,,,,,,,,,,,,,4 hr 35 min.,3 hr 15 min.,"1,323.",,8.5 km.,,"14,428.",,,,,,,,,,,,,,,,,
224,Nov 2020.,"Kijabe Hills –Kijabe, Kenya.",Moderate.,,,"2,170 m.","2,656 m.",,,,,,,,,,,,,,,,,,,,,,,,,,,,,,,,,,,,,,,,,,,,,,,,,,,,,,,,,,,,,,,,,,,,,,,,,,,,,,,,,,,,6 hr 12 min.,4 hr 15 min.,"1,921.",,13.1 km.,,"21,200.",,,,,676 m.,,,,,,,,,,,,
225,Nov 2020.,"Menengai Crater– Nakuru, Kenya.",Moderate.,,,"1,886 m.","2,278 m.",,,,,,,,,,,,,,,,,,,,,,,,,,,,,,,,,,,,,,,,,,,,,,,,,,,,,,,,,,,,,,,,,,,,,,,,,,,,,,,,,,,,3 hr 41 min.,2 hr 1 min.,"1,190.",,5.8 km.,,"10,586.",,,,,,,,,,,,,,,,,
226,Nov 2020.,"Kirimiri Forest– Embu County, Kenya.",Moderate.,,,"1,463 m.","1,740 m.",,,,,,,,,,,,,,,,,,,,,,,,,,,,,,,,,,,,,,,,,,,,,,,,,,,,,,,,,,,,,,,,,,,,,,,,,,,,,,,,,,,,5 hr 40 min.,3 hr 37 min.,"1,518.",,10.3 km.,,"13,171.",,,,,,,,,,,,,,,,,
227,Oct 2020.,"Nzaui Hills– Makueni County, Kenya.",Moderate.,,,"1,133 m.","1,824 m.",900 m.,,,,,,,,,,,,,,,,,,,,,,,,,,,,,,,,,,,,,,,,,,,,,,,,,,,,,,,,,,,,,,,,,,,,,,,,,,,,,,,,,,,9 hr 13 min.,5 hr 45 min.,"2,321.",,18.3 km.,,"30,037.",,,,,,,,,,,,,,,,,
228,Oct 2020.,"Table Mountain– Aberdare Range, Kenya.",Hard.,,,"2,644 m.","3,817 m. (Summit)","1,087 m.",via 7 ponds.,,,,,2:20 pm.,6:03 pm.,,,,,,,,,,,,,,,,,,,,,,,,,,,,,,,,,,,,,,,,,,,,,,,,,,,,,,,,,,,,,,,,,,,,,,,,,9:01 am.,,,9 hr 2 min.,6 hr 27 min.,,,16.1 km.,,"26,514.",,,,,,,,,,,,,,,,,
229,Oct 2020.,"Mount Mtelo– West Pokot County, Kenya.",Hard.,,,"1,900 m.","3,336 m. (Summit)",,,,,,,3:28 pm.,,,,,,,,,,,,,,,,,,,,,,,,,,,,,,,,,,,,,,,,,,,,,,,,,,,,,,,,,,,,,,,,,,,,,,,,,,9:12 am.,,,,,,,,,"17,345.",,,,,,9.7 km.,,,,,,,,,,,
230,Oct 2020.,"Kessup Falls– Elgeyo Marakwet County, Kenya.",Moderate.,,,"1,939 m.","2,163 m.",,,,,,,,,,,,,,,,,,,,,,,,,,,,,,,,,,,,,,,,,,,,,,,,,,,,,,,,,,,,,,,,,,,,,,,,,,,,,,,,,,,,2 hr 40 min.,1 hr 53 min.,770.,,4.6 km.,,"5,221.",,,,,,,,,,,,,,,,,
231,Oct 2020.,"Torok Falls– Elgeyo Marakwet County, Kenya.",Moderate.,,,"1,559 m.","2,141 m.",,,,,,,,,,,,,,,,,,,,,,,,,,,,,,,,,,,,,,,,,,,,,,,,,,,,,,,,,,,,,,,,,,,,,,,,,,,,,,,,,,,,2 hr 58 min.,2 hr 20 min.,"1,122.",,10 km.,,"15,221.",,,,,,,,,,,,,,,,,
232,Oct 2020.,"Crescent Island– Lake Naivasha, Kenya.",Easy.,,,"1,918 m.","1,942 m.",,,,,,,,,,,,,,,,,,,,,,,,,,,,,,,,,,,,,,,,,,,,,,,,,,,,,,,,,,,,,,,,,,,,,,,,,,,,,,,,,,,,1 hr 11 min.,57 min.,353.,,3.8 km.,,"4,945.",,,,,,,,,,,,,,,,,
233,Oct 2020.,"Crater Lake Sanctuary– Naivasha, Kenya.",Moderate.,,,"1,908 m.","2,003 m.",,,,,,,,,,,,,,,,,,,,,,,,,,,,,,,,,,,,,,,,,,,,,,,,,,,,,,,,,,,,,,,,,,,,,,,,,,,,,,,,,,,,2 hr 16 min.,1 hr 41 min.,662.,,5 km.,,"7,553.",,,,,,,,,,,,,,,,,
234,Oct 2020.,"Mount Suswa– Suswa, Kenya.",Moderate.,,,"1,888 m.","2,356 m. (Summit)",,,,,,,1:14 pm.,6:25 pm.,,,,,,,,,,,,,,,,,,,,,,,,,,,,,,,,,,,,,,,,,,,,,,,,,,,,,,,,,,,,,,,,,,,,,,,,,10:07 am.,,,8 hr 18 min.,4 hr 42 min.,"2,174.",,14.8 km.,,,,,,,,,,,,,,,,,,,
235,Oct 2020.,"Camp Henry Hill –Camp Henry, Marsabit, Kenya.",Moderate.,,,"1,317 m.","1,431 m.",,,,,,,,,,,,,,,,,,,,,,,,,,,,,,,,,,,,,,,,,,,,,,,,,,,,,,,,,,,,,,,,,,,,,,,,,,,,,,,,,,,,1 hr 31 min.,1 hr 6 min.,496.,,3.7 km.,,,,,,,,,,,,,,,,,,,
236,Oct 2020.,"Komote Island– Lake Turkana, Kenya.",Easy.,,,361 m.,421 m.,,,,,,,,,,,,,,,,,,,,,,,,,,,,,,,,,,,,,,,,,,,,,,,,,,,,,,,,,,,,,,,,,,,,,,,,,,,,,,,,,,,,1 hr 10 min.,27 min.,351.,,1.2 km.,,,,,,,,,,,,,,,,,,,
237,Oct 2020.,"Mount Poi –Ngurunit, Samburu County, Kenya.",Hard.,,,791 m.,"1,788 m. (shoulder)",,,,,,,,10:56 am.,,,,,,,,,,,,,,,,,,,,,,,,,,,,,,,,,,,,,,,,,,,,,,,,,,,,,,,,,,,,,,,,,,,,,,,,,2:31 am.,,,8 hr 25 min.,6 hr 20 min.,"2,287.",,15.6 km.,,,,,,,,,6:44 am.,,,,,,,,,,
238,Sep 2020.,"Mount Kenya– Mount Kenya National Park, Kenya.",Very Hard.,,,"2,651 m.","4,985 m. (Lenana Peak)",,Chogoria – Sirimon.,,,,,,,,,,,,,,,,,,,,,,,,,,,,,,,,,,,,,,,,,,,,,,,,,,,,,,,,,,,,,,,,,,,,,,,,,,,,,,,,"Waterfalls, Lakes, Rivers, Tarns.",,,,,,,,,,,,,,,,4.,48.41 km.,"77,011.","8,245.",,,,,,
239,Sep 2020.,"Mount Kipipiri– Aberdare National Park, Kenya.",Moderate.,,,"2,501 m.","3,349 m. (Summit)",878 m.,,,,,,3:19 pm.,,,,,,,,,,,,,,,,,,,,,,,,,,,,,,,,,,,,,,,,,,,,,,,,,,,,,,,,,,,,,,,,,,,,,,,,,,9:17 am.,,,7 hr 55 min.,6 hr 3 min.,"2,668.",,17.8 km.,,"29,361.",,,,,,,,,,,,13.6 km.,4.2 km.,5:12 pm.,,,
240,Sep 2020.,"Oldoinyo LeSatima– Aberdare Range, Kenya.",Hard.,,,"3,118 m.","4,001 m. (Summit)",,,,,,,2:13 pm.,5:15 pm.,,,,,,,,,,,,,,,,,,,,,,,,,,,,,,,,,,,,,,,,,,,,,,,,,,,,,,,,,,,,,,,,,,,,,,,,,10:28 am.,,,6 hr 47 min.,5 hr 33 min.,"2,513.",,21 km.,,"37,064.",,,,,,,,,,,,,,,,,
241,Jan 2017.,"Tiger Cave Temple (Wat Tham Seua) – Krabi, Thailand.",Moderate.,,,,,,,,,,,,,,,,,,,,,,,,,,,,,,,,,,,,,,,,,,,,,,,,,,,,,,,,,,,,,,,,,,,,,,,,,,,,,,,,,,,,,,"Buddha Statues, Cave, Great Views.",,1 hr.,,,,,,"1,237.",,,,,,,,,,,,,,,278 m.,,
242,Aug 2020.,"Mount Ololokwe– Samburu, Kenya.",Moderate.,,,"1,068 m.","1,861 m.",,,,,,,7:22 am.,9:43 am.,,,,,,,,,,,,,,,,,,,,,,,,,,,,,,,,,,,,,,,,,,,,,,,,,,,,,,,,,,,,,,,,,,,,,,,,,4:00 am.,Excellent surrounding views.,,5 hr 43 min.,4 hr.,"1,814.",,13.7 km.,,"23,126.",,,,,,,,,,,,,,,,,
243,Aug 2020.,"Rurimeria Hill– Aberdare Range, Kenya.",Hard.,,,"2,850 m.","3,860 m. (Summit)","1,129 m.",,,,,,1:22 pm.,4:58 pm.,,,,,,,,,,,,,,,,,,,,,,,,,,,,,,,,,,,,,,,,,,,,,,,,,,,,,,,,,,,,,,,,,,,,,,,,,8:10 am.,,,8 hr 48 min.,5 hr 38 min.,"3,006.",,15 km.,,"27,700.",,,,,,,,,,,,,,,,,
244,Aug 2020.,"Giraffe Centre– Nairobi, Kenya.",Easy.,,,"1,755 m.","1,789 m.",,,,,,,,,,,,,,,,,,,,,,,,,,,,,,,,,,,,,,,,,,,,,,,,,,,,,,,,,,,,,,,,,,,,,,,,,,,,,,,,,,"River, Dam, Giraffes, Warthogs.",,1 hr 4 min.,47 min.,323.,,2.2 km.,,"2,998.",,,,,,,,,,,,,,,,,
245,Aug 2020.,"Mount Kalembwani –Kilome, Kenya.",Moderate.,,,"1,319 m.","1,560 m.",,,,,,,,,,,,,,,,,,,,,,,,,,,,,,,,,,,,,,,,,,,,,,,,,,,,,,,,,,,,,,,,,,,,,,,,,,,,,,,,,,,,2 hr 47 min.,1 hr 39 min.,"1,069.",,6.3 km.,,"9,485.",,,,,,,,,,,,,,,,,
246,Aug 2020.,"Kiou Hill –Kilome, Kenya.",Moderate.,,,"1,333 m.","1,733 m. (Summit)",,,,,,,,,,,,,,,,,,,,,,,,,,,,,,,,,,,,,,,,,,,,,,,,,,,,,,,,,,,,,,,,,,,,,,,,,,,,,,,,,,Dry river bed.,,5 hr 9 min.,3 hr 11 min.,"1,698.",,10.4 km.,,"15,331.",,,,,,,,,,,,,,,,,
247,Aug 2020.,"Kakamega Forest– Kakamega, Kenya.",Easy.,,,"1,542 m.","1,642 m.",,,,,,,,,,,,,,,,,,,,,,,,,,,,,,,,,,,,,,,,,,,,,,,,,,,,,,,,,,,,,,,,,,,,,,,,,,,,,,,,,,"Great Viewpoint, Waterfalls.",,3 hr 53 min.,3 hr 19 min.,"1,105.",,10.7 km.,,"15,654.",,,,,,,,,,,,,,,,,
248,Aug 2020.,"Shompole Hill– Shompole, Kenya.",Hard.,,,597 m.,"1,115 m.",,,,,,,,,,,,,,,,,,,,,,,,,,,,,,,,,,,,,,,,,,,,,,,,,,,,,,,,,,,,,,,,,,,,,,,,,,,,,,,,,,"Ewaso Ng’iro river, Lake Natron (nearby).",,6 hr 44 min.,3 hr 10 min.,"2,138.",,7.6 km.,,"10,662.",,,,,,,,,,,,,,,,,
249,Jul 2020.,"Kijabe Hills –Kijabe, Kenya.",Hard.,,,"2,178 m.","2,651 m.",,,,,,,,,,,,,,,,,,,,,,,,,,,,,,,,,,,,,,,,,,,,,,,,,,,,,,,,,,,,,,,,,,,,,,,,,,,,,,,,,,"Waterfalls, Cave, Tunnel, Old railway line.",,9 hr 18 min.,6 hr 27 min.,"3,070.",,20.5 km.,,"21,306.",,,,,,,,,,,,,,,,,
250,Jul 2020.,"Mount Longonot– Naivasha, Kenya.",Moderate.,,,"2,131 m.","2,780 m. (Summit)",,,,,,,,,,,,,,,,,,,,,,,,,,,,,,,,,,,,,,,,,,,,,,,,,,,,,,,,,,,,,,,,,,,,,,,,,,,,,,,,,,,,4 hr 24 min.,3 hr 24 min.,"1,902.",,12.5 km.,,"19,540.",,,,,,,,,,,,,,,,,
251,Jul 2020.,"Ngong Hills– Ngong, Kenya.",Moderate.,,,"2,040 m.","2,443 m.",,,,,,,,,,,,,,,,,,,,,,,,,,,,,,,,,,,,,,,,,,,,,,,,,,,,,,,,,,,,,,,,,,,,,,,,,,,,,,,,,,,,3 hr 30 min.,2 hr 45 min.,"1,158.",,11.8 km.,,"18,281.",,,,,,,,,,,,,,,,,
252,Jul 2020.,"Ragia Forest– Aberdare Range, Kenya.",Hard.,,,"2,277 m.","2,519 m.",,,,,,,,,,,,,,,,,,,,,,,,,,,,,,,,,,,,,,,,,,,,,,,,,,,,,,,,,,,,,,,,,,,,,,,,,,,,,,,,,,"Waterfalls, Sasamua Dam.",,7 hr 8 min.,5 hr 26 min.,"2,294.",,18.1 km.,,"19,477.",,,,,,,,,,,,,,,,,
253,Jul 2020.,"Oloolua Forest– Nairobi, Kenya.",Easy.,,,"1,796 m.","1,830 m.",,,,,,,,,,,,,,,,,,,,,,,,,,,,,,,,,,,,,,,,,,,,,,,,,,,,,,,,,,,,,,,,,,,,,,,,,,,,,,,,,,"Waterfalls, Cave.",,1 hr 35 min.,1 hr 1 min.,495.,,4 km.,,"5,780.",,,,,,,,,,,,,,,,,
254,Jul 2020.,"Ngong Forest Sanctuary– Nairobi, Kenya.",Moderate.,,,"1,776 m.","1,854 m.",,,,,,,,,,,,,,,,,,,,,,,,,,,,,,,,,,,,,,,,,,,,,,,,,,,,,,,,,,,,,,,,,,,,,,,,,,,,,,,,,,"Streams, Dam.",,6 hr 40 min.,5 hr 33 min.,"2,247.",,24.1 km.,,"31,543.",,,,,,,,,,,,,,,,,
255,Jul 2020.,"Resurrection Garden– Nairobi, Kenya.",,,,"1,865 m.","1,880 m.",,,,,,,,,,,,,,,,,,,,,,,,,,,,,,,,,,,,,,,,,,,,,,,,,,,,,,,,,,,,,,,,,,,,,,,,,,,,,,,,,,,,41 min.,18 min.,,,1.23 km.,,"1,585.",189.,,,,,,,,,,,,,,,,
256,Jun 2020.,"Paradise Lost– Kiambu, Kenya.",Easy.,,,"1,702 m.","1,736 m.",,,,,,,,,,,,,,,,,,,,,,,,,,,,,,,,,,,,,,,,,,,,,,,,,,,,,,,,,,,,,,,,,,,,,,,,,,,,,,,,,,"Caves, Waterfalls, Dam.",,47 min.,40 min.,374.,,2.78 km.,,"3,076.",,,,,,,,,,,,,,,,,
257,Jun 2020.,"Ngong Forest Sanctuary– Nairobi, Kenya.",Easy.,,1 hr 13 min.,"1,780 m.","1,828 m.",,,,,,,,,,,,,,,,,,,,,,,,,,,,,,,,,,,,,,,,,,,,,,,,,,,,,,,,,,,,,,,,,,,,,,,,,,,,,,,,1 hr 7 min.,,,,,,391.,,5.13 km.,,"6,500.",,,,,,,,,,,,,,,,,
258,Jun 2020.,"Nairobi Safari Walk, Kenya.",Super Easy.,,1 hr.,"1,772 m.","1,789 m.",,,,,,,,,,,,,,,,,,,,,,,,,,,,,,,,,,,,,,,,,,,,,,,,,,,,,,,,,,,,,,,,,,,,,,,,,,,,,,,,39 min.,,Zoo.,,,,390.,,2.51 km.,,"3,038.",,,,,,,,,,,,,,,,,
259,Jun 2020.,"Migaa, Kenya.",Easy.,,,"1,592 m.","1,717 m.",,,,,,,,,,,,,,,,,,,,,,,,,,,,,,,,,,,,,,,,,,,,,,,,,,,,,,,,,,,,,,,,,,,,,,,,,,,,,,,,4 hr 14 min.,,"Cave, Waterfalls, Dams, Maize & Coffee Plantations.",,5 hr 49 min.,,"1,991.",,18.84 km.,,"25,718.",,,,,,,,,,,,,,,,,
260,Jun 2020.,"Gicheru, Kenya.",Moderate.,,,"1,507 m.","2,123 m.",,,,,,,,,,,,,,,,,,,,,,,,,,,,,,,,,,,,,,,,,,,,,,,,,,,,,,,,,,,,,,,,,,,,,,,,,,,,,,,,,,"Gorge, Caves, Diatomite Mine.",,8 hr 40 min.,5 hr 5 min.,"3,071.",,15.71 km.,,"25,303.",,,,,,,,,,,,,,,,,
261,Jun 2020.,", Kenya.",Moderate.,,,"1,894 m.","2,037 m.",,,,,,,,,,,,,,,,,,,,,,,,,,,,,,,,,,,,,,,,,,,,,,,,,,,,,,,,,,,,,,,,,,,,,,,,,,,,,,,,,,Cave.,,5 hr 33 min.,3 hr 33 min.,"1,707.",,13.39 km.,,"20,210.",,,,,,,,,,,,,,,,,
262,Feb 2020.,"Njabini, Kenya.",Hard.,,,"2,513 m.","3,657 m. (Summit)",,,,,,,,,,,,,,,,,,,,,,,,,,,,,,,,,,,,,,9 hours.,,,,,,,,,,,,,,,,,,,,,,,,,,,,,,,,,,,,,,,,,,,,,,,,,,19.8 km.,,"29,262.",,,,,,,,,,,,,,,,,
263,Jan 2020.,"Nairobi, Kenya.",Easy.,,,"1,623 m.","1,712m.",,,,,,,,,,,,,,,,,,,,,,,,,,,,,,,,,,,,,,2hr 36min.,,,,,,,,,,,,,,,,,,,,,,,,,,,,,,,,,,,,,,,,,,,,,,,,765.,,10.6 km.,,"12,739.",,,,,,,,,,,,,,,,Ksh. 100.,
264,Dec 2019.,"Nairobi, Kenya.",Easy.,,,"1,650m.","1,726m.",,,,,,,,,,,,,,,,,,,,,,,,,,,,,,,,,,,,,,2hr 30min.,,,,,,,,,,,,,,,,,,,,,,,,,,,,,,,,,,,,,,,,,,,,,,,,944.,,10.2km.,,"12,232.",,,,,,,,,,,,,,,,Ksh.100.,
265,Dec 2019.,"Nairobi, Kenya.",Easy.,,,"1,696m.","1,723m.",,,,,,,,,,,,,,,,,,,,,,,,,,,,,,,,,,,,,,47min.,,,,,,,,,,,,,,,,,,,,,,,,,,,,,,,,,,,,,,,,,,,,,,,,270.,,3.1km.,,"3,701.",,,,,,,,,,,,,,,,,Ksh.50.
